gemeente,provincie,template,query
's-Hertogenbosch,Noord-Brabant,makelaar koopwoningen {gemeente},makelaar koopwoningen 's-Hertogenbosch
's-Hertogenbosch,Noord-Brabant,woningaanbod makelaar {gemeente},woningaanbod makelaar 's-Hertogenbosch
's-Hertogenbosch,Noord-Brabant,NVM makelaar {gemeente},NVM makelaar 's-Hertogenbosch
's-Hertogenbosch,Noord-Brabant,Vastgoed Nederland makelaar {gemeente},Vastgoed Nederland makelaar 's-Hertogenbosch
's-Hertogenbosch,Noord-Brabant,VBO makelaar {gemeente},VBO makelaar 's-Hertogenbosch
's-Hertogenbosch,Noord-Brabant,site:.nl makelaar {gemeente} koopwoningen,site:.nl makelaar 's-Hertogenbosch koopwoningen
's-Hertogenbosch,Noord-Brabant,site:.nl {gemeente} makelaardij aanbod,site:.nl 's-Hertogenbosch makelaardij aanbod
's-Hertogenbosch,Noord-Brabant,site:.nl {gemeente} makelaar wonen,site:.nl 's-Hertogenbosch makelaar wonen
Alphen-Chaam,Noord-Brabant,makelaar koopwoningen {gemeente},makelaar koopwoningen Alphen-Chaam
Alphen-Chaam,Noord-Brabant,woningaanbod makelaar {gemeente},woningaanbod makelaar Alphen-Chaam
Alphen-Chaam,Noord-Brabant,NVM makelaar {gemeente},NVM makelaar Alphen-Chaam
Alphen-Chaam,Noord-Brabant,Vastgoed Nederland makelaar {gemeente},Vastgoed Nederland makelaar Alphen-Chaam
Alphen-Chaam,Noord-Brabant,VBO makelaar {gemeente},VBO makelaar Alphen-Chaam
Alphen-Chaam,Noord-Brabant,site:.nl makelaar {gemeente} koopwoningen,site:.nl makelaar Alphen-Chaam koopwoningen
Alphen-Chaam,Noord-Brabant,site:.nl {gemeente} makelaardij aanbod,site:.nl Alphen-Chaam makelaardij aanbod
Alphen-Chaam,Noord-Brabant,site:.nl {gemeente} makelaar wonen,site:.nl Alphen-Chaam makelaar wonen
Altena,Noord-Brabant,makelaar koopwoningen {gemeente},makelaar koopwoningen Altena
Altena,Noord-Brabant,woningaanbod makelaar {gemeente},woningaanbod makelaar Altena
Altena,Noord-Brabant,NVM makelaar {gemeente},NVM makelaar Altena
Altena,Noord-Brabant,Vastgoed Nederland makelaar {gemeente},Vastgoed Nederland makelaar Altena
Altena,Noord-Brabant,VBO makelaar {gemeente},VBO makelaar Altena
Altena,Noord-Brabant,site:.nl makelaar {gemeente} koopwoningen,site:.nl makelaar Altena koopwoningen
Altena,Noord-Brabant,site:.nl {gemeente} makelaardij aanbod,site:.nl Altena makelaardij aanbod
Altena,Noord-Brabant,site:.nl {gemeente} makelaar wonen,site:.nl Altena makelaar wonen
Asten,Noord-Brabant,makelaar koopwoningen {gemeente},makelaar koopwoningen Asten
Asten,Noord-Brabant,woningaanbod makelaar {gemeente},woningaanbod makelaar Asten
Asten,Noord-Brabant,NVM makelaar {gemeente},NVM makelaar Asten
Asten,Noord-Brabant,Vastgoed Nederland makelaar {gemeente},Vastgoed Nederland makelaar Asten
Asten,Noord-Brabant,VBO makelaar {gemeente},VBO makelaar Asten
Asten,Noord-Brabant,site:.nl makelaar {gemeente} koopwoningen,site:.nl makelaar Asten koopwoningen
Asten,Noord-Brabant,site:.nl {gemeente} makelaardij aanbod,site:.nl Asten makelaardij aanbod
Asten,Noord-Brabant,site:.nl {gemeente} makelaar wonen,site:.nl Asten makelaar wonen
Baarle-Nassau,Noord-Brabant,makelaar koopwoningen {gemeente},makelaar koopwoningen Baarle-Nassau
Baarle-Nassau,Noord-Brabant,woningaanbod makelaar {gemeente},woningaanbod makelaar Baarle-Nassau
Baarle-Nassau,Noord-Brabant,NVM makelaar {gemeente},NVM makelaar Baarle-Nassau
Baarle-Nassau,Noord-Brabant,Vastgoed Nederland makelaar {gemeente},Vastgoed Nederland makelaar Baarle-Nassau
Baarle-Nassau,Noord-Brabant,VBO makelaar {gemeente},VBO makelaar Baarle-Nassau
Baarle-Nassau,Noord-Brabant,site:.nl makelaar {gemeente} koopwoningen,site:.nl makelaar Baarle-Nassau koopwoningen
Baarle-Nassau,Noord-Brabant,site:.nl {gemeente} makelaardij aanbod,site:.nl Baarle-Nassau makelaardij aanbod
Baarle-Nassau,Noord-Brabant,site:.nl {gemeente} makelaar wonen,site:.nl Baarle-Nassau makelaar wonen
Bergeijk,Noord-Brabant,makelaar koopwoningen {gemeente},makelaar koopwoningen Bergeijk
Bergeijk,Noord-Brabant,woningaanbod makelaar {gemeente},woningaanbod makelaar Bergeijk
Bergeijk,Noord-Brabant,NVM makelaar {gemeente},NVM makelaar Bergeijk
Bergeijk,Noord-Brabant,Vastgoed Nederland makelaar {gemeente},Vastgoed Nederland makelaar Bergeijk
Bergeijk,Noord-Brabant,VBO makelaar {gemeente},VBO makelaar Bergeijk
Bergeijk,Noord-Brabant,site:.nl makelaar {gemeente} koopwoningen,site:.nl makelaar Bergeijk koopwoningen
Bergeijk,Noord-Brabant,site:.nl {gemeente} makelaardij aanbod,site:.nl Bergeijk makelaardij aanbod
Bergeijk,Noord-Brabant,site:.nl {gemeente} makelaar wonen,site:.nl Bergeijk makelaar wonen
Bergen op Zoom,Noord-Brabant,makelaar koopwoningen {gemeente},makelaar koopwoningen Bergen op Zoom
Bergen op Zoom,Noord-Brabant,woningaanbod makelaar {gemeente},woningaanbod makelaar Bergen op Zoom
Bergen op Zoom,Noord-Brabant,NVM makelaar {gemeente},NVM makelaar Bergen op Zoom
Bergen op Zoom,Noord-Brabant,Vastgoed Nederland makelaar {gemeente},Vastgoed Nederland makelaar Bergen op Zoom
Bergen op Zoom,Noord-Brabant,VBO makelaar {gemeente},VBO makelaar Bergen op Zoom
Bergen op Zoom,Noord-Brabant,site:.nl makelaar {gemeente} koopwoningen,site:.nl makelaar Bergen op Zoom koopwoningen
Bergen op Zoom,Noord-Brabant,site:.nl {gemeente} makelaardij aanbod,site:.nl Bergen op Zoom makelaardij aanbod
Bergen op Zoom,Noord-Brabant,site:.nl {gemeente} makelaar wonen,site:.nl Bergen op Zoom makelaar wonen
Bernheze,Noord-Brabant,makelaar koopwoningen {gemeente},makelaar koopwoningen Bernheze
Bernheze,Noord-Brabant,woningaanbod makelaar {gemeente},woningaanbod makelaar Bernheze
Bernheze,Noord-Brabant,NVM makelaar {gemeente},NVM makelaar Bernheze
Bernheze,Noord-Brabant,Vastgoed Nederland makelaar {gemeente},Vastgoed Nederland makelaar Bernheze
Bernheze,Noord-Brabant,VBO makelaar {gemeente},VBO makelaar Bernheze
Bernheze,Noord-Brabant,site:.nl makelaar {gemeente} koopwoningen,site:.nl makelaar Bernheze koopwoningen
Bernheze,Noord-Brabant,site:.nl {gemeente} makelaardij aanbod,site:.nl Bernheze makelaardij aanbod
Bernheze,Noord-Brabant,site:.nl {gemeente} makelaar wonen,site:.nl Bernheze makelaar wonen
Best,Noord-Brabant,makelaar koopwoningen {gemeente},makelaar koopwoningen Best
Best,Noord-Brabant,woningaanbod makelaar {gemeente},woningaanbod makelaar Best
Best,Noord-Brabant,NVM makelaar {gemeente},NVM makelaar Best
Best,Noord-Brabant,Vastgoed Nederland makelaar {gemeente},Vastgoed Nederland makelaar Best
Best,Noord-Brabant,VBO makelaar {gemeente},VBO makelaar Best
Best,Noord-Brabant,site:.nl makelaar {gemeente} koopwoningen,site:.nl makelaar Best koopwoningen
Best,Noord-Brabant,site:.nl {gemeente} makelaardij aanbod,site:.nl Best makelaardij aanbod
Best,Noord-Brabant,site:.nl {gemeente} makelaar wonen,site:.nl Best makelaar wonen
Bladel,Noord-Brabant,makelaar koopwoningen {gemeente},makelaar koopwoningen Bladel
Bladel,Noord-Brabant,woningaanbod makelaar {gemeente},woningaanbod makelaar Bladel
Bladel,Noord-Brabant,NVM makelaar {gemeente},NVM makelaar Bladel
Bladel,Noord-Brabant,Vastgoed Nederland makelaar {gemeente},Vastgoed Nederland makelaar Bladel
Bladel,Noord-Brabant,VBO makelaar {gemeente},VBO makelaar Bladel
Bladel,Noord-Brabant,site:.nl makelaar {gemeente} koopwoningen,site:.nl makelaar Bladel koopwoningen
Bladel,Noord-Brabant,site:.nl {gemeente} makelaardij aanbod,site:.nl Bladel makelaardij aanbod
Bladel,Noord-Brabant,site:.nl {gemeente} makelaar wonen,site:.nl Bladel makelaar wonen
Boekel,Noord-Brabant,makelaar koopwoningen {gemeente},makelaar koopwoningen Boekel
Boekel,Noord-Brabant,woningaanbod makelaar {gemeente},woningaanbod makelaar Boekel
Boekel,Noord-Brabant,NVM makelaar {gemeente},NVM makelaar Boekel
Boekel,Noord-Brabant,Vastgoed Nederland makelaar {gemeente},Vastgoed Nederland makelaar Boekel
Boekel,Noord-Brabant,VBO makelaar {gemeente},VBO makelaar Boekel
Boekel,Noord-Brabant,site:.nl makelaar {gemeente} koopwoningen,site:.nl makelaar Boekel koopwoningen
Boekel,Noord-Brabant,site:.nl {gemeente} makelaardij aanbod,site:.nl Boekel makelaardij aanbod
Boekel,Noord-Brabant,site:.nl {gemeente} makelaar wonen,site:.nl Boekel makelaar wonen
Boxtel,Noord-Brabant,makelaar koopwoningen {gemeente},makelaar koopwoningen Boxtel
Boxtel,Noord-Brabant,woningaanbod makelaar {gemeente},woningaanbod makelaar Boxtel
Boxtel,Noord-Brabant,NVM makelaar {gemeente},NVM makelaar Boxtel
Boxtel,Noord-Brabant,Vastgoed Nederland makelaar {gemeente},Vastgoed Nederland makelaar Boxtel
Boxtel,Noord-Brabant,VBO makelaar {gemeente},VBO makelaar Boxtel
Boxtel,Noord-Brabant,site:.nl makelaar {gemeente} koopwoningen,site:.nl makelaar Boxtel koopwoningen
Boxtel,Noord-Brabant,site:.nl {gemeente} makelaardij aanbod,site:.nl Boxtel makelaardij aanbod
Boxtel,Noord-Brabant,site:.nl {gemeente} makelaar wonen,site:.nl Boxtel makelaar wonen
Breda,Noord-Brabant,makelaar koopwoningen {gemeente},makelaar koopwoningen Breda
Breda,Noord-Brabant,woningaanbod makelaar {gemeente},woningaanbod makelaar Breda
Breda,Noord-Brabant,NVM makelaar {gemeente},NVM makelaar Breda
Breda,Noord-Brabant,Vastgoed Nederland makelaar {gemeente},Vastgoed Nederland makelaar Breda
Breda,Noord-Brabant,VBO makelaar {gemeente},VBO makelaar Breda
Breda,Noord-Brabant,site:.nl makelaar {gemeente} koopwoningen,site:.nl makelaar Breda koopwoningen
Breda,Noord-Brabant,site:.nl {gemeente} makelaardij aanbod,site:.nl Breda makelaardij aanbod
Breda,Noord-Brabant,site:.nl {gemeente} makelaar wonen,site:.nl Breda makelaar wonen
Cranendonck,Noord-Brabant,makelaar koopwoningen {gemeente},makelaar koopwoningen Cranendonck
Cranendonck,Noord-Brabant,woningaanbod makelaar {gemeente},woningaanbod makelaar Cranendonck
Cranendonck,Noord-Brabant,NVM makelaar {gemeente},NVM makelaar Cranendonck
Cranendonck,Noord-Brabant,Vastgoed Nederland makelaar {gemeente},Vastgoed Nederland makelaar Cranendonck
Cranendonck,Noord-Brabant,VBO makelaar {gemeente},VBO makelaar Cranendonck
Cranendonck,Noord-Brabant,site:.nl makelaar {gemeente} koopwoningen,site:.nl makelaar Cranendonck koopwoningen
Cranendonck,Noord-Brabant,site:.nl {gemeente} makelaardij aanbod,site:.nl Cranendonck makelaardij aanbod
Cranendonck,Noord-Brabant,site:.nl {gemeente} makelaar wonen,site:.nl Cranendonck makelaar wonen
Deurne,Noord-Brabant,makelaar koopwoningen {gemeente},makelaar koopwoningen Deurne
Deurne,Noord-Brabant,woningaanbod makelaar {gemeente},woningaanbod makelaar Deurne
Deurne,Noord-Brabant,NVM makelaar {gemeente},NVM makelaar Deurne
Deurne,Noord-Brabant,Vastgoed Nederland makelaar {gemeente},Vastgoed Nederland makelaar Deurne
Deurne,Noord-Brabant,VBO makelaar {gemeente},VBO makelaar Deurne
Deurne,Noord-Brabant,site:.nl makelaar {gemeente} koopwoningen,site:.nl makelaar Deurne koopwoningen
Deurne,Noord-Brabant,site:.nl {gemeente} makelaardij aanbod,site:.nl Deurne makelaardij aanbod
Deurne,Noord-Brabant,site:.nl {gemeente} makelaar wonen,site:.nl Deurne makelaar wonen
Dongen,Noord-Brabant,makelaar koopwoningen {gemeente},makelaar koopwoningen Dongen
Dongen,Noord-Brabant,woningaanbod makelaar {gemeente},woningaanbod makelaar Dongen
Dongen,Noord-Brabant,NVM makelaar {gemeente},NVM makelaar Dongen
Dongen,Noord-Brabant,Vastgoed Nederland makelaar {gemeente},Vastgoed Nederland makelaar Dongen
Dongen,Noord-Brabant,VBO makelaar {gemeente},VBO makelaar Dongen
Dongen,Noord-Brabant,site:.nl makelaar {gemeente} koopwoningen,site:.nl makelaar Dongen koopwoningen
Dongen,Noord-Brabant,site:.nl {gemeente} makelaardij aanbod,site:.nl Dongen makelaardij aanbod
Dongen,Noord-Brabant,site:.nl {gemeente} makelaar wonen,site:.nl Dongen makelaar wonen
Drimmelen,Noord-Brabant,makelaar koopwoningen {gemeente},makelaar koopwoningen Drimmelen
Drimmelen,Noord-Brabant,woningaanbod makelaar {gemeente},woningaanbod makelaar Drimmelen
Drimmelen,Noord-Brabant,NVM makelaar {gemeente},NVM makelaar Drimmelen
Drimmelen,Noord-Brabant,Vastgoed Nederland makelaar {gemeente},Vastgoed Nederland makelaar Drimmelen
Drimmelen,Noord-Brabant,VBO makelaar {gemeente},VBO makelaar Drimmelen
Drimmelen,Noord-Brabant,site:.nl makelaar {gemeente} koopwoningen,site:.nl makelaar Drimmelen koopwoningen
Drimmelen,Noord-Brabant,site:.nl {gemeente} makelaardij aanbod,site:.nl Drimmelen makelaardij aanbod
Drimmelen,Noord-Brabant,site:.nl {gemeente} makelaar wonen,site:.nl Drimmelen makelaar wonen
Eersel,Noord-Brabant,makelaar koopwoningen {gemeente},makelaar koopwoningen Eersel
Eersel,Noord-Brabant,woningaanbod makelaar {gemeente},woningaanbod makelaar Eersel
Eersel,Noord-Brabant,NVM makelaar {gemeente},NVM makelaar Eersel
Eersel,Noord-Brabant,Vastgoed Nederland makelaar {gemeente},Vastgoed Nederland makelaar Eersel
Eersel,Noord-Brabant,VBO makelaar {gemeente},VBO makelaar Eersel
Eersel,Noord-Brabant,site:.nl makelaar {gemeente} koopwoningen,site:.nl makelaar Eersel koopwoningen
Eersel,Noord-Brabant,site:.nl {gemeente} makelaardij aanbod,site:.nl Eersel makelaardij aanbod
Eersel,Noord-Brabant,site:.nl {gemeente} makelaar wonen,site:.nl Eersel makelaar wonen
Eindhoven,Noord-Brabant,makelaar koopwoningen {gemeente},makelaar koopwoningen Eindhoven
Eindhoven,Noord-Brabant,woningaanbod makelaar {gemeente},woningaanbod makelaar Eindhoven
Eindhoven,Noord-Brabant,NVM makelaar {gemeente},NVM makelaar Eindhoven
Eindhoven,Noord-Brabant,Vastgoed Nederland makelaar {gemeente},Vastgoed Nederland makelaar Eindhoven
Eindhoven,Noord-Brabant,VBO makelaar {gemeente},VBO makelaar Eindhoven
Eindhoven,Noord-Brabant,site:.nl makelaar {gemeente} koopwoningen,site:.nl makelaar Eindhoven koopwoningen
Eindhoven,Noord-Brabant,site:.nl {gemeente} makelaardij aanbod,site:.nl Eindhoven makelaardij aanbod
Eindhoven,Noord-Brabant,site:.nl {gemeente} makelaar wonen,site:.nl Eindhoven makelaar wonen
Etten-Leur,Noord-Brabant,makelaar koopwoningen {gemeente},makelaar koopwoningen Etten-Leur
Etten-Leur,Noord-Brabant,woningaanbod makelaar {gemeente},woningaanbod makelaar Etten-Leur
Etten-Leur,Noord-Brabant,NVM makelaar {gemeente},NVM makelaar Etten-Leur
Etten-Leur,Noord-Brabant,Vastgoed Nederland makelaar {gemeente},Vastgoed Nederland makelaar Etten-Leur
Etten-Leur,Noord-Brabant,VBO makelaar {gemeente},VBO makelaar Etten-Leur
Etten-Leur,Noord-Brabant,site:.nl makelaar {gemeente} koopwoningen,site:.nl makelaar Etten-Leur koopwoningen
Etten-Leur,Noord-Brabant,site:.nl {gemeente} makelaardij aanbod,site:.nl Etten-Leur makelaardij aanbod
Etten-Leur,Noord-Brabant,site:.nl {gemeente} makelaar wonen,site:.nl Etten-Leur makelaar wonen
Geertruidenberg,Noord-Brabant,makelaar koopwoningen {gemeente},makelaar koopwoningen Geertruidenberg
Geertruidenberg,Noord-Brabant,woningaanbod makelaar {gemeente},woningaanbod makelaar Geertruidenberg
Geertruidenberg,Noord-Brabant,NVM makelaar {gemeente},NVM makelaar Geertruidenberg
Geertruidenberg,Noord-Brabant,Vastgoed Nederland makelaar {gemeente},Vastgoed Nederland makelaar Geertruidenberg
Geertruidenberg,Noord-Brabant,VBO makelaar {gemeente},VBO makelaar Geertruidenberg
Geertruidenberg,Noord-Brabant,site:.nl makelaar {gemeente} koopwoningen,site:.nl makelaar Geertruidenberg koopwoningen
Geertruidenberg,Noord-Brabant,site:.nl {gemeente} makelaardij aanbod,site:.nl Geertruidenberg makelaardij aanbod
Geertruidenberg,Noord-Brabant,site:.nl {gemeente} makelaar wonen,site:.nl Geertruidenberg makelaar wonen
Geldrop-Mierlo,Noord-Brabant,makelaar koopwoningen {gemeente},makelaar koopwoningen Geldrop-Mierlo
Geldrop-Mierlo,Noord-Brabant,woningaanbod makelaar {gemeente},woningaanbod makelaar Geldrop-Mierlo
Geldrop-Mierlo,Noord-Brabant,NVM makelaar {gemeente},NVM makelaar Geldrop-Mierlo
Geldrop-Mierlo,Noord-Brabant,Vastgoed Nederland makelaar {gemeente},Vastgoed Nederland makelaar Geldrop-Mierlo
Geldrop-Mierlo,Noord-Brabant,VBO makelaar {gemeente},VBO makelaar Geldrop-Mierlo
Geldrop-Mierlo,Noord-Brabant,site:.nl makelaar {gemeente} koopwoningen,site:.nl makelaar Geldrop-Mierlo koopwoningen
Geldrop-Mierlo,Noord-Brabant,site:.nl {gemeente} makelaardij aanbod,site:.nl Geldrop-Mierlo makelaardij aanbod
Geldrop-Mierlo,Noord-Brabant,site:.nl {gemeente} makelaar wonen,site:.nl Geldrop-Mierlo makelaar wonen
Gemert-Bakel,Noord-Brabant,makelaar koopwoningen {gemeente},makelaar koopwoningen Gemert-Bakel
Gemert-Bakel,Noord-Brabant,woningaanbod makelaar {gemeente},woningaanbod makelaar Gemert-Bakel
Gemert-Bakel,Noord-Brabant,NVM makelaar {gemeente},NVM makelaar Gemert-Bakel
Gemert-Bakel,Noord-Brabant,Vastgoed Nederland makelaar {gemeente},Vastgoed Nederland makelaar Gemert-Bakel
Gemert-Bakel,Noord-Brabant,VBO makelaar {gemeente},VBO makelaar Gemert-Bakel
Gemert-Bakel,Noord-Brabant,site:.nl makelaar {gemeente} koopwoningen,site:.nl makelaar Gemert-Bakel koopwoningen
Gemert-Bakel,Noord-Brabant,site:.nl {gemeente} makelaardij aanbod,site:.nl Gemert-Bakel makelaardij aanbod
Gemert-Bakel,Noord-Brabant,site:.nl {gemeente} makelaar wonen,site:.nl Gemert-Bakel makelaar wonen
Gilze en Rijen,Noord-Brabant,makelaar koopwoningen {gemeente},makelaar koopwoningen Gilze en Rijen
Gilze en Rijen,Noord-Brabant,woningaanbod makelaar {gemeente},woningaanbod makelaar Gilze en Rijen
Gilze en Rijen,Noord-Brabant,NVM makelaar {gemeente},NVM makelaar Gilze en Rijen
Gilze en Rijen,Noord-Brabant,Vastgoed Nederland makelaar {gemeente},Vastgoed Nederland makelaar Gilze en Rijen
Gilze en Rijen,Noord-Brabant,VBO makelaar {gemeente},VBO makelaar Gilze en Rijen
Gilze en Rijen,Noord-Brabant,site:.nl makelaar {gemeente} koopwoningen,site:.nl makelaar Gilze en Rijen koopwoningen
Gilze en Rijen,Noord-Brabant,site:.nl {gemeente} makelaardij aanbod,site:.nl Gilze en Rijen makelaardij aanbod
Gilze en Rijen,Noord-Brabant,site:.nl {gemeente} makelaar wonen,site:.nl Gilze en Rijen makelaar wonen
Goirle,Noord-Brabant,makelaar koopwoningen {gemeente},makelaar koopwoningen Goirle
Goirle,Noord-Brabant,woningaanbod makelaar {gemeente},woningaanbod makelaar Goirle
Goirle,Noord-Brabant,NVM makelaar {gemeente},NVM makelaar Goirle
Goirle,Noord-Brabant,Vastgoed Nederland makelaar {gemeente},Vastgoed Nederland makelaar Goirle
Goirle,Noord-Brabant,VBO makelaar {gemeente},VBO makelaar Goirle
Goirle,Noord-Brabant,site:.nl makelaar {gemeente} koopwoningen,site:.nl makelaar Goirle koopwoningen
Goirle,Noord-Brabant,site:.nl {gemeente} makelaardij aanbod,site:.nl Goirle makelaardij aanbod
Goirle,Noord-Brabant,site:.nl {gemeente} makelaar wonen,site:.nl Goirle makelaar wonen
Halderberge,Noord-Brabant,makelaar koopwoningen {gemeente},makelaar koopwoningen Halderberge
Halderberge,Noord-Brabant,woningaanbod makelaar {gemeente},woningaanbod makelaar Halderberge
Halderberge,Noord-Brabant,NVM makelaar {gemeente},NVM makelaar Halderberge
Halderberge,Noord-Brabant,Vastgoed Nederland makelaar {gemeente},Vastgoed Nederland makelaar Halderberge
Halderberge,Noord-Brabant,VBO makelaar {gemeente},VBO makelaar Halderberge
Halderberge,Noord-Brabant,site:.nl makelaar {gemeente} koopwoningen,site:.nl makelaar Halderberge koopwoningen
Halderberge,Noord-Brabant,site:.nl {gemeente} makelaardij aanbod,site:.nl Halderberge makelaardij aanbod
Halderberge,Noord-Brabant,site:.nl {gemeente} makelaar wonen,site:.nl Halderberge makelaar wonen
Heeze-Leende,Noord-Brabant,makelaar koopwoningen {gemeente},makelaar koopwoningen Heeze-Leende
Heeze-Leende,Noord-Brabant,woningaanbod makelaar {gemeente},woningaanbod makelaar Heeze-Leende
Heeze-Leende,Noord-Brabant,NVM makelaar {gemeente},NVM makelaar Heeze-Leende
Heeze-Leende,Noord-Brabant,Vastgoed Nederland makelaar {gemeente},Vastgoed Nederland makelaar Heeze-Leende
Heeze-Leende,Noord-Brabant,VBO makelaar {gemeente},VBO makelaar Heeze-Leende
Heeze-Leende,Noord-Brabant,site:.nl makelaar {gemeente} koopwoningen,site:.nl makelaar Heeze-Leende koopwoningen
Heeze-Leende,Noord-Brabant,site:.nl {gemeente} makelaardij aanbod,site:.nl Heeze-Leende makelaardij aanbod
Heeze-Leende,Noord-Brabant,site:.nl {gemeente} makelaar wonen,site:.nl Heeze-Leende makelaar wonen
Helmond,Noord-Brabant,makelaar koopwoningen {gemeente},makelaar koopwoningen Helmond
Helmond,Noord-Brabant,woningaanbod makelaar {gemeente},woningaanbod makelaar Helmond
Helmond,Noord-Brabant,NVM makelaar {gemeente},NVM makelaar Helmond
Helmond,Noord-Brabant,Vastgoed Nederland makelaar {gemeente},Vastgoed Nederland makelaar Helmond
Helmond,Noord-Brabant,VBO makelaar {gemeente},VBO makelaar Helmond
Helmond,Noord-Brabant,site:.nl makelaar {gemeente} koopwoningen,site:.nl makelaar Helmond koopwoningen
Helmond,Noord-Brabant,site:.nl {gemeente} makelaardij aanbod,site:.nl Helmond makelaardij aanbod
Helmond,Noord-Brabant,site:.nl {gemeente} makelaar wonen,site:.nl Helmond makelaar wonen
Heusden,Noord-Brabant,makelaar koopwoningen {gemeente},makelaar koopwoningen Heusden
Heusden,Noord-Brabant,woningaanbod makelaar {gemeente},woningaanbod makelaar Heusden
Heusden,Noord-Brabant,NVM makelaar {gemeente},NVM makelaar Heusden
Heusden,Noord-Brabant,Vastgoed Nederland makelaar {gemeente},Vastgoed Nederland makelaar Heusden
Heusden,Noord-Brabant,VBO makelaar {gemeente},VBO makelaar Heusden
Heusden,Noord-Brabant,site:.nl makelaar {gemeente} koopwoningen,site:.nl makelaar Heusden koopwoningen
Heusden,Noord-Brabant,site:.nl {gemeente} makelaardij aanbod,site:.nl Heusden makelaardij aanbod
Heusden,Noord-Brabant,site:.nl {gemeente} makelaar wonen,site:.nl Heusden makelaar wonen
Hilvarenbeek,Noord-Brabant,makelaar koopwoningen {gemeente},makelaar koopwoningen Hilvarenbeek
Hilvarenbeek,Noord-Brabant,woningaanbod makelaar {gemeente},woningaanbod makelaar Hilvarenbeek
Hilvarenbeek,Noord-Brabant,NVM makelaar {gemeente},NVM makelaar Hilvarenbeek
Hilvarenbeek,Noord-Brabant,Vastgoed Nederland makelaar {gemeente},Vastgoed Nederland makelaar Hilvarenbeek
Hilvarenbeek,Noord-Brabant,VBO makelaar {gemeente},VBO makelaar Hilvarenbeek
Hilvarenbeek,Noord-Brabant,site:.nl makelaar {gemeente} koopwoningen,site:.nl makelaar Hilvarenbeek koopwoningen
Hilvarenbeek,Noord-Brabant,site:.nl {gemeente} makelaardij aanbod,site:.nl Hilvarenbeek makelaardij aanbod
Hilvarenbeek,Noord-Brabant,site:.nl {gemeente} makelaar wonen,site:.nl Hilvarenbeek makelaar wonen
Laarbeek,Noord-Brabant,makelaar koopwoningen {gemeente},makelaar koopwoningen Laarbeek
Laarbeek,Noord-Brabant,woningaanbod makelaar {gemeente},woningaanbod makelaar Laarbeek
Laarbeek,Noord-Brabant,NVM makelaar {gemeente},NVM makelaar Laarbeek
Laarbeek,Noord-Brabant,Vastgoed Nederland makelaar {gemeente},Vastgoed Nederland makelaar Laarbeek
Laarbeek,Noord-Brabant,VBO makelaar {gemeente},VBO makelaar Laarbeek
Laarbeek,Noord-Brabant,site:.nl makelaar {gemeente} koopwoningen,site:.nl makelaar Laarbeek koopwoningen
Laarbeek,Noord-Brabant,site:.nl {gemeente} makelaardij aanbod,site:.nl Laarbeek makelaardij aanbod
Laarbeek,Noord-Brabant,site:.nl {gemeente} makelaar wonen,site:.nl Laarbeek makelaar wonen
Land van Cuijk,Noord-Brabant,makelaar koopwoningen {gemeente},makelaar koopwoningen Land van Cuijk
Land van Cuijk,Noord-Brabant,woningaanbod makelaar {gemeente},woningaanbod makelaar Land van Cuijk
Land van Cuijk,Noord-Brabant,NVM makelaar {gemeente},NVM makelaar Land van Cuijk
Land van Cuijk,Noord-Brabant,Vastgoed Nederland makelaar {gemeente},Vastgoed Nederland makelaar Land van Cuijk
Land van Cuijk,Noord-Brabant,VBO makelaar {gemeente},VBO makelaar Land van Cuijk
Land van Cuijk,Noord-Brabant,site:.nl makelaar {gemeente} koopwoningen,site:.nl makelaar Land van Cuijk koopwoningen
Land van Cuijk,Noord-Brabant,site:.nl {gemeente} makelaardij aanbod,site:.nl Land van Cuijk makelaardij aanbod
Land van Cuijk,Noord-Brabant,site:.nl {gemeente} makelaar wonen,site:.nl Land van Cuijk makelaar wonen
Loon op Zand,Noord-Brabant,makelaar koopwoningen {gemeente},makelaar koopwoningen Loon op Zand
Loon op Zand,Noord-Brabant,woningaanbod makelaar {gemeente},woningaanbod makelaar Loon op Zand
Loon op Zand,Noord-Brabant,NVM makelaar {gemeente},NVM makelaar Loon op Zand
Loon op Zand,Noord-Brabant,Vastgoed Nederland makelaar {gemeente},Vastgoed Nederland makelaar Loon op Zand
Loon op Zand,Noord-Brabant,VBO makelaar {gemeente},VBO makelaar Loon op Zand
Loon op Zand,Noord-Brabant,site:.nl makelaar {gemeente} koopwoningen,site:.nl makelaar Loon op Zand koopwoningen
Loon op Zand,Noord-Brabant,site:.nl {gemeente} makelaardij aanbod,site:.nl Loon op Zand makelaardij aanbod
Loon op Zand,Noord-Brabant,site:.nl {gemeente} makelaar wonen,site:.nl Loon op Zand makelaar wonen
Maashorst,Noord-Brabant,makelaar koopwoningen {gemeente},makelaar koopwoningen Maashorst
Maashorst,Noord-Brabant,woningaanbod makelaar {gemeente},woningaanbod makelaar Maashorst
Maashorst,Noord-Brabant,NVM makelaar {gemeente},NVM makelaar Maashorst
Maashorst,Noord-Brabant,Vastgoed Nederland makelaar {gemeente},Vastgoed Nederland makelaar Maashorst
Maashorst,Noord-Brabant,VBO makelaar {gemeente},VBO makelaar Maashorst
Maashorst,Noord-Brabant,site:.nl makelaar {gemeente} koopwoningen,site:.nl makelaar Maashorst koopwoningen
Maashorst,Noord-Brabant,site:.nl {gemeente} makelaardij aanbod,site:.nl Maashorst makelaardij aanbod
Maashorst,Noord-Brabant,site:.nl {gemeente} makelaar wonen,site:.nl Maashorst makelaar wonen
Meierijstad,Noord-Brabant,makelaar koopwoningen {gemeente},makelaar koopwoningen Meierijstad
Meierijstad,Noord-Brabant,woningaanbod makelaar {gemeente},woningaanbod makelaar Meierijstad
Meierijstad,Noord-Brabant,NVM makelaar {gemeente},NVM makelaar Meierijstad
Meierijstad,Noord-Brabant,Vastgoed Nederland makelaar {gemeente},Vastgoed Nederland makelaar Meierijstad
Meierijstad,Noord-Brabant,VBO makelaar {gemeente},VBO makelaar Meierijstad
Meierijstad,Noord-Brabant,site:.nl makelaar {gemeente} koopwoningen,site:.nl makelaar Meierijstad koopwoningen
Meierijstad,Noord-Brabant,site:.nl {gemeente} makelaardij aanbod,site:.nl Meierijstad makelaardij aanbod
Meierijstad,Noord-Brabant,site:.nl {gemeente} makelaar wonen,site:.nl Meierijstad makelaar wonen
Moerdijk,Noord-Brabant,makelaar koopwoningen {gemeente},makelaar koopwoningen Moerdijk
Moerdijk,Noord-Brabant,woningaanbod makelaar {gemeente},woningaanbod makelaar Moerdijk
Moerdijk,Noord-Brabant,NVM makelaar {gemeente},NVM makelaar Moerdijk
Moerdijk,Noord-Brabant,Vastgoed Nederland makelaar {gemeente},Vastgoed Nederland makelaar Moerdijk
Moerdijk,Noord-Brabant,VBO makelaar {gemeente},VBO makelaar Moerdijk
Moerdijk,Noord-Brabant,site:.nl makelaar {gemeente} koopwoningen,site:.nl makelaar Moerdijk koopwoningen
Moerdijk,Noord-Brabant,site:.nl {gemeente} makelaardij aanbod,site:.nl Moerdijk makelaardij aanbod
Moerdijk,Noord-Brabant,site:.nl {gemeente} makelaar wonen,site:.nl Moerdijk makelaar wonen
"Nuenen, Gerwen en Nederwetten",Noord-Brabant,makelaar koopwoningen {gemeente},"makelaar koopwoningen Nuenen, Gerwen en Nederwetten"
"Nuenen, Gerwen en Nederwetten",Noord-Brabant,woningaanbod makelaar {gemeente},"woningaanbod makelaar Nuenen, Gerwen en Nederwetten"
"Nuenen, Gerwen en Nederwetten",Noord-Brabant,NVM makelaar {gemeente},"NVM makelaar Nuenen, Gerwen en Nederwetten"
"Nuenen, Gerwen en Nederwetten",Noord-Brabant,Vastgoed Nederland makelaar {gemeente},"Vastgoed Nederland makelaar Nuenen, Gerwen en Nederwetten"
"Nuenen, Gerwen en Nederwetten",Noord-Brabant,VBO makelaar {gemeente},"VBO makelaar Nuenen, Gerwen en Nederwetten"
"Nuenen, Gerwen en Nederwetten",Noord-Brabant,site:.nl makelaar {gemeente} koopwoningen,"site:.nl makelaar Nuenen, Gerwen en Nederwetten koopwoningen"
"Nuenen, Gerwen en Nederwetten",Noord-Brabant,site:.nl {gemeente} makelaardij aanbod,"site:.nl Nuenen, Gerwen en Nederwetten makelaardij aanbod"
"Nuenen, Gerwen en Nederwetten",Noord-Brabant,site:.nl {gemeente} makelaar wonen,"site:.nl Nuenen, Gerwen en Nederwetten makelaar wonen"
Oirschot,Noord-Brabant,makelaar koopwoningen {gemeente},makelaar koopwoningen Oirschot
Oirschot,Noord-Brabant,woningaanbod makelaar {gemeente},woningaanbod makelaar Oirschot
Oirschot,Noord-Brabant,NVM makelaar {gemeente},NVM makelaar Oirschot
Oirschot,Noord-Brabant,Vastgoed Nederland makelaar {gemeente},Vastgoed Nederland makelaar Oirschot
Oirschot,Noord-Brabant,VBO makelaar {gemeente},VBO makelaar Oirschot
Oirschot,Noord-Brabant,site:.nl makelaar {gemeente} koopwoningen,site:.nl makelaar Oirschot koopwoningen
Oirschot,Noord-Brabant,site:.nl {gemeente} makelaardij aanbod,site:.nl Oirschot makelaardij aanbod
Oirschot,Noord-Brabant,site:.nl {gemeente} makelaar wonen,site:.nl Oirschot makelaar wonen
Oisterwijk,Noord-Brabant,makelaar koopwoningen {gemeente},makelaar koopwoningen Oisterwijk
Oisterwijk,Noord-Brabant,woningaanbod makelaar {gemeente},woningaanbod makelaar Oisterwijk
Oisterwijk,Noord-Brabant,NVM makelaar {gemeente},NVM makelaar Oisterwijk
Oisterwijk,Noord-Brabant,Vastgoed Nederland makelaar {gemeente},Vastgoed Nederland makelaar Oisterwijk
Oisterwijk,Noord-Brabant,VBO makelaar {gemeente},VBO makelaar Oisterwijk
Oisterwijk,Noord-Brabant,site:.nl makelaar {gemeente} koopwoningen,site:.nl makelaar Oisterwijk koopwoningen
Oisterwijk,Noord-Brabant,site:.nl {gemeente} makelaardij aanbod,site:.nl Oisterwijk makelaardij aanbod
Oisterwijk,Noord-Brabant,site:.nl {gemeente} makelaar wonen,site:.nl Oisterwijk makelaar wonen
Oosterhout,Noord-Brabant,makelaar koopwoningen {gemeente},makelaar koopwoningen Oosterhout
Oosterhout,Noord-Brabant,woningaanbod makelaar {gemeente},woningaanbod makelaar Oosterhout
Oosterhout,Noord-Brabant,NVM makelaar {gemeente},NVM makelaar Oosterhout
Oosterhout,Noord-Brabant,Vastgoed Nederland makelaar {gemeente},Vastgoed Nederland makelaar Oosterhout
Oosterhout,Noord-Brabant,VBO makelaar {gemeente},VBO makelaar Oosterhout
Oosterhout,Noord-Brabant,site:.nl makelaar {gemeente} koopwoningen,site:.nl makelaar Oosterhout koopwoningen
Oosterhout,Noord-Brabant,site:.nl {gemeente} makelaardij aanbod,site:.nl Oosterhout makelaardij aanbod
Oosterhout,Noord-Brabant,site:.nl {gemeente} makelaar wonen,site:.nl Oosterhout makelaar wonen
Oss,Noord-Brabant,makelaar koopwoningen {gemeente},makelaar koopwoningen Oss
Oss,Noord-Brabant,woningaanbod makelaar {gemeente},woningaanbod makelaar Oss
Oss,Noord-Brabant,NVM makelaar {gemeente},NVM makelaar Oss
Oss,Noord-Brabant,Vastgoed Nederland makelaar {gemeente},Vastgoed Nederland makelaar Oss
Oss,Noord-Brabant,VBO makelaar {gemeente},VBO makelaar Oss
Oss,Noord-Brabant,site:.nl makelaar {gemeente} koopwoningen,site:.nl makelaar Oss koopwoningen
Oss,Noord-Brabant,site:.nl {gemeente} makelaardij aanbod,site:.nl Oss makelaardij aanbod
Oss,Noord-Brabant,site:.nl {gemeente} makelaar wonen,site:.nl Oss makelaar wonen
Reusel-De Mierden,Noord-Brabant,makelaar koopwoningen {gemeente},makelaar koopwoningen Reusel-De Mierden
Reusel-De Mierden,Noord-Brabant,woningaanbod makelaar {gemeente},woningaanbod makelaar Reusel-De Mierden
Reusel-De Mierden,Noord-Brabant,NVM makelaar {gemeente},NVM makelaar Reusel-De Mierden
Reusel-De Mierden,Noord-Brabant,Vastgoed Nederland makelaar {gemeente},Vastgoed Nederland makelaar Reusel-De Mierden
Reusel-De Mierden,Noord-Brabant,VBO makelaar {gemeente},VBO makelaar Reusel-De Mierden
Reusel-De Mierden,Noord-Brabant,site:.nl makelaar {gemeente} koopwoningen,site:.nl makelaar Reusel-De Mierden koopwoningen
Reusel-De Mierden,Noord-Brabant,site:.nl {gemeente} makelaardij aanbod,site:.nl Reusel-De Mierden makelaardij aanbod
Reusel-De Mierden,Noord-Brabant,site:.nl {gemeente} makelaar wonen,site:.nl Reusel-De Mierden makelaar wonen
Roosendaal,Noord-Brabant,makelaar koopwoningen {gemeente},makelaar koopwoningen Roosendaal
Roosendaal,Noord-Brabant,woningaanbod makelaar {gemeente},woningaanbod makelaar Roosendaal
Roosendaal,Noord-Brabant,NVM makelaar {gemeente},NVM makelaar Roosendaal
Roosendaal,Noord-Brabant,Vastgoed Nederland makelaar {gemeente},Vastgoed Nederland makelaar Roosendaal
Roosendaal,Noord-Brabant,VBO makelaar {gemeente},VBO makelaar Roosendaal
Roosendaal,Noord-Brabant,site:.nl makelaar {gemeente} koopwoningen,site:.nl makelaar Roosendaal koopwoningen
Roosendaal,Noord-Brabant,site:.nl {gemeente} makelaardij aanbod,site:.nl Roosendaal makelaardij aanbod
Roosendaal,Noord-Brabant,site:.nl {gemeente} makelaar wonen,site:.nl Roosendaal makelaar wonen
Rucphen,Noord-Brabant,makelaar koopwoningen {gemeente},makelaar koopwoningen Rucphen
Rucphen,Noord-Brabant,woningaanbod makelaar {gemeente},woningaanbod makelaar Rucphen
Rucphen,Noord-Brabant,NVM makelaar {gemeente},NVM makelaar Rucphen
Rucphen,Noord-Brabant,Vastgoed Nederland makelaar {gemeente},Vastgoed Nederland makelaar Rucphen
Rucphen,Noord-Brabant,VBO makelaar {gemeente},VBO makelaar Rucphen
Rucphen,Noord-Brabant,site:.nl makelaar {gemeente} koopwoningen,site:.nl makelaar Rucphen koopwoningen
Rucphen,Noord-Brabant,site:.nl {gemeente} makelaardij aanbod,site:.nl Rucphen makelaardij aanbod
Rucphen,Noord-Brabant,site:.nl {gemeente} makelaar wonen,site:.nl Rucphen makelaar wonen
Sint-Michielsgestel,Noord-Brabant,makelaar koopwoningen {gemeente},makelaar koopwoningen Sint-Michielsgestel
Sint-Michielsgestel,Noord-Brabant,woningaanbod makelaar {gemeente},woningaanbod makelaar Sint-Michielsgestel
Sint-Michielsgestel,Noord-Brabant,NVM makelaar {gemeente},NVM makelaar Sint-Michielsgestel
Sint-Michielsgestel,Noord-Brabant,Vastgoed Nederland makelaar {gemeente},Vastgoed Nederland makelaar Sint-Michielsgestel
Sint-Michielsgestel,Noord-Brabant,VBO makelaar {gemeente},VBO makelaar Sint-Michielsgestel
Sint-Michielsgestel,Noord-Brabant,site:.nl makelaar {gemeente} koopwoningen,site:.nl makelaar Sint-Michielsgestel koopwoningen
Sint-Michielsgestel,Noord-Brabant,site:.nl {gemeente} makelaardij aanbod,site:.nl Sint-Michielsgestel makelaardij aanbod
Sint-Michielsgestel,Noord-Brabant,site:.nl {gemeente} makelaar wonen,site:.nl Sint-Michielsgestel makelaar wonen
Someren,Noord-Brabant,makelaar koopwoningen {gemeente},makelaar koopwoningen Someren
Someren,Noord-Brabant,woningaanbod makelaar {gemeente},woningaanbod makelaar Someren
Someren,Noord-Brabant,NVM makelaar {gemeente},NVM makelaar Someren
Someren,Noord-Brabant,Vastgoed Nederland makelaar {gemeente},Vastgoed Nederland makelaar Someren
Someren,Noord-Brabant,VBO makelaar {gemeente},VBO makelaar Someren
Someren,Noord-Brabant,site:.nl makelaar {gemeente} koopwoningen,site:.nl makelaar Someren koopwoningen
Someren,Noord-Brabant,site:.nl {gemeente} makelaardij aanbod,site:.nl Someren makelaardij aanbod
Someren,Noord-Brabant,site:.nl {gemeente} makelaar wonen,site:.nl Someren makelaar wonen
Son en Breugel,Noord-Brabant,makelaar koopwoningen {gemeente},makelaar koopwoningen Son en Breugel
Son en Breugel,Noord-Brabant,woningaanbod makelaar {gemeente},woningaanbod makelaar Son en Breugel
Son en Breugel,Noord-Brabant,NVM makelaar {gemeente},NVM makelaar Son en Breugel
Son en Breugel,Noord-Brabant,Vastgoed Nederland makelaar {gemeente},Vastgoed Nederland makelaar Son en Breugel
Son en Breugel,Noord-Brabant,VBO makelaar {gemeente},VBO makelaar Son en Breugel
Son en Breugel,Noord-Brabant,site:.nl makelaar {gemeente} koopwoningen,site:.nl makelaar Son en Breugel koopwoningen
Son en Breugel,Noord-Brabant,site:.nl {gemeente} makelaardij aanbod,site:.nl Son en Breugel makelaardij aanbod
Son en Breugel,Noord-Brabant,site:.nl {gemeente} makelaar wonen,site:.nl Son en Breugel makelaar wonen
Steenbergen,Noord-Brabant,makelaar koopwoningen {gemeente},makelaar koopwoningen Steenbergen
Steenbergen,Noord-Brabant,woningaanbod makelaar {gemeente},woningaanbod makelaar Steenbergen
Steenbergen,Noord-Brabant,NVM makelaar {gemeente},NVM makelaar Steenbergen
Steenbergen,Noord-Brabant,Vastgoed Nederland makelaar {gemeente},Vastgoed Nederland makelaar Steenbergen
Steenbergen,Noord-Brabant,VBO makelaar {gemeente},VBO makelaar Steenbergen
Steenbergen,Noord-Brabant,site:.nl makelaar {gemeente} koopwoningen,site:.nl makelaar Steenbergen koopwoningen
Steenbergen,Noord-Brabant,site:.nl {gemeente} makelaardij aanbod,site:.nl Steenbergen makelaardij aanbod
Steenbergen,Noord-Brabant,site:.nl {gemeente} makelaar wonen,site:.nl Steenbergen makelaar wonen
Tilburg,Noord-Brabant,makelaar koopwoningen {gemeente},makelaar koopwoningen Tilburg
Tilburg,Noord-Brabant,woningaanbod makelaar {gemeente},woningaanbod makelaar Tilburg
Tilburg,Noord-Brabant,NVM makelaar {gemeente},NVM makelaar Tilburg
Tilburg,Noord-Brabant,Vastgoed Nederland makelaar {gemeente},Vastgoed Nederland makelaar Tilburg
Tilburg,Noord-Brabant,VBO makelaar {gemeente},VBO makelaar Tilburg
Tilburg,Noord-Brabant,site:.nl makelaar {gemeente} koopwoningen,site:.nl makelaar Tilburg koopwoningen
Tilburg,Noord-Brabant,site:.nl {gemeente} makelaardij aanbod,site:.nl Tilburg makelaardij aanbod
Tilburg,Noord-Brabant,site:.nl {gemeente} makelaar wonen,site:.nl Tilburg makelaar wonen
Valkenswaard,Noord-Brabant,makelaar koopwoningen {gemeente},makelaar koopwoningen Valkenswaard
Valkenswaard,Noord-Brabant,woningaanbod makelaar {gemeente},woningaanbod makelaar Valkenswaard
Valkenswaard,Noord-Brabant,NVM makelaar {gemeente},NVM makelaar Valkenswaard
Valkenswaard,Noord-Brabant,Vastgoed Nederland makelaar {gemeente},Vastgoed Nederland makelaar Valkenswaard
Valkenswaard,Noord-Brabant,VBO makelaar {gemeente},VBO makelaar Valkenswaard
Valkenswaard,Noord-Brabant,site:.nl makelaar {gemeente} koopwoningen,site:.nl makelaar Valkenswaard koopwoningen
Valkenswaard,Noord-Brabant,site:.nl {gemeente} makelaardij aanbod,site:.nl Valkenswaard makelaardij aanbod
Valkenswaard,Noord-Brabant,site:.nl {gemeente} makelaar wonen,site:.nl Valkenswaard makelaar wonen
Veldhoven,Noord-Brabant,makelaar koopwoningen {gemeente},makelaar koopwoningen Veldhoven
Veldhoven,Noord-Brabant,woningaanbod makelaar {gemeente},woningaanbod makelaar Veldhoven
Veldhoven,Noord-Brabant,NVM makelaar {gemeente},NVM makelaar Veldhoven
Veldhoven,Noord-Brabant,Vastgoed Nederland makelaar {gemeente},Vastgoed Nederland makelaar Veldhoven
Veldhoven,Noord-Brabant,VBO makelaar {gemeente},VBO makelaar Veldhoven
Veldhoven,Noord-Brabant,site:.nl makelaar {gemeente} koopwoningen,site:.nl makelaar Veldhoven koopwoningen
Veldhoven,Noord-Brabant,site:.nl {gemeente} makelaardij aanbod,site:.nl Veldhoven makelaardij aanbod
Veldhoven,Noord-Brabant,site:.nl {gemeente} makelaar wonen,site:.nl Veldhoven makelaar wonen
Vught,Noord-Brabant,makelaar koopwoningen {gemeente},makelaar koopwoningen Vught
Vught,Noord-Brabant,woningaanbod makelaar {gemeente},woningaanbod makelaar Vught
Vught,Noord-Brabant,NVM makelaar {gemeente},NVM makelaar Vught
Vught,Noord-Brabant,Vastgoed Nederland makelaar {gemeente},Vastgoed Nederland makelaar Vught
Vught,Noord-Brabant,VBO makelaar {gemeente},VBO makelaar Vught
Vught,Noord-Brabant,site:.nl makelaar {gemeente} koopwoningen,site:.nl makelaar Vught koopwoningen
Vught,Noord-Brabant,site:.nl {gemeente} makelaardij aanbod,site:.nl Vught makelaardij aanbod
Vught,Noord-Brabant,site:.nl {gemeente} makelaar wonen,site:.nl Vught makelaar wonen
Waalre,Noord-Brabant,makelaar koopwoningen {gemeente},makelaar koopwoningen Waalre
Waalre,Noord-Brabant,woningaanbod makelaar {gemeente},woningaanbod makelaar Waalre
Waalre,Noord-Brabant,NVM makelaar {gemeente},NVM makelaar Waalre
Waalre,Noord-Brabant,Vastgoed Nederland makelaar {gemeente},Vastgoed Nederland makelaar Waalre
Waalre,Noord-Brabant,VBO makelaar {gemeente},VBO makelaar Waalre
Waalre,Noord-Brabant,site:.nl makelaar {gemeente} koopwoningen,site:.nl makelaar Waalre koopwoningen
Waalre,Noord-Brabant,site:.nl {gemeente} makelaardij aanbod,site:.nl Waalre makelaardij aanbod
Waalre,Noord-Brabant,site:.nl {gemeente} makelaar wonen,site:.nl Waalre makelaar wonen
Waalwijk,Noord-Brabant,makelaar koopwoningen {gemeente},makelaar koopwoningen Waalwijk
Waalwijk,Noord-Brabant,woningaanbod makelaar {gemeente},woningaanbod makelaar Waalwijk
Waalwijk,Noord-Brabant,NVM makelaar {gemeente},NVM makelaar Waalwijk
Waalwijk,Noord-Brabant,Vastgoed Nederland makelaar {gemeente},Vastgoed Nederland makelaar Waalwijk
Waalwijk,Noord-Brabant,VBO makelaar {gemeente},VBO makelaar Waalwijk
Waalwijk,Noord-Brabant,site:.nl makelaar {gemeente} koopwoningen,site:.nl makelaar Waalwijk koopwoningen
Waalwijk,Noord-Brabant,site:.nl {gemeente} makelaardij aanbod,site:.nl Waalwijk makelaardij aanbod
Waalwijk,Noord-Brabant,site:.nl {gemeente} makelaar wonen,site:.nl Waalwijk makelaar wonen
Woensdrecht,Noord-Brabant,makelaar koopwoningen {gemeente},makelaar koopwoningen Woensdrecht
Woensdrecht,Noord-Brabant,woningaanbod makelaar {gemeente},woningaanbod makelaar Woensdrecht
Woensdrecht,Noord-Brabant,NVM makelaar {gemeente},NVM makelaar Woensdrecht
Woensdrecht,Noord-Brabant,Vastgoed Nederland makelaar {gemeente},Vastgoed Nederland makelaar Woensdrecht
Woensdrecht,Noord-Brabant,VBO makelaar {gemeente},VBO makelaar Woensdrecht
Woensdrecht,Noord-Brabant,site:.nl makelaar {gemeente} koopwoningen,site:.nl makelaar Woensdrecht koopwoningen
Woensdrecht,Noord-Brabant,site:.nl {gemeente} makelaardij aanbod,site:.nl Woensdrecht makelaardij aanbod
Woensdrecht,Noord-Brabant,site:.nl {gemeente} makelaar wonen,site:.nl Woensdrecht makelaar wonen
Zundert,Noord-Brabant,makelaar koopwoningen {gemeente},makelaar koopwoningen Zundert
Zundert,Noord-Brabant,woningaanbod makelaar {gemeente},woningaanbod makelaar Zundert
Zundert,Noord-Brabant,NVM makelaar {gemeente},NVM makelaar Zundert
Zundert,Noord-Brabant,Vastgoed Nederland makelaar {gemeente},Vastgoed Nederland makelaar Zundert
Zundert,Noord-Brabant,VBO makelaar {gemeente},VBO makelaar Zundert
Zundert,Noord-Brabant,site:.nl makelaar {gemeente} koopwoningen,site:.nl makelaar Zundert koopwoningen
Zundert,Noord-Brabant,site:.nl {gemeente} makelaardij aanbod,site:.nl Zundert makelaardij aanbod
Zundert,Noord-Brabant,site:.nl {gemeente} makelaar wonen,site:.nl Zundert makelaar wonen
