naam,plaats,adres,provincie,bronnen,website,koopaanbod_url,koopaanbod_confidence,koopaanbod_metodo,platform_hint,requires_js,notas
Makelaars- en Adviesburo Broeders,Alphen Chaam,"Dorpsstraat 74, CHAAM",Noord-Brabant,nvm,http://www.broedersmakelaardij.nl/,http://www.broedersmakelaardij.nl/aanbod/woningaanbod/gilze/koop/huis-10225430-Nerhovensestraat-17/,0.94,regla,realworks,False,"prijzen=4, koop=5, huur=0"
Van Hoven & Oomen,Alphen Chaam,"Anneville-laan 103, ULVENHOUT AC",Noord-Brabant,nvm,https://www.vhno.nl/,,0.00,none,,False,home no cargó
Zoomer Nijp Taxatieburo B.V.,Altena,"Dudokplein 220, DORDRECHT",Noord-Brabant,nvm,http://www.nijpmakelaars.nl/,,0.00,none,,False,sin candidatos de koop
Hoogveste B.V.,Altena,"Kerkstraat 4, SLIEDRECHT",Noord-Brabant,nvm,http://www.hoogveste.nl/,http://www.hoogveste.nl/aanbod/woningaanbod/nieuwe-niedorp/koop/huis-10300026-Vijverweg-1673/,0.94,regla,realworks,False,"prijzen=9, koop=4, huur=0"
Paans Makelaars in onroerende goederen,Altena,"Hoogstraat 44, WERKENDAM",Noord-Brabant,nvm,http://www.paansmakelaars.nl/,https://www.paansmakelaars.nl/aanbod/koopwoningen,0.95,regla,,False,"prijzen=24, koop=2, huur=0"
NVW Vastgoed B.V.,Altena,"Ravelijn 93, WOUDRICHEM",Noord-Brabant,nvm,,,0.00,none,,False,
Lamper & van Vliet Woningmakelaars,Altena,"Buitendams 40, HARDINXVELD-GIESSENDAM",Noord-Brabant,nvm,http://www.lvmakelaars.nl/,https://www.lvmakelaars.nl/wonen/,0.75,regla,realworks,False,"prijzen=12, koop=2, huur=0"
Baas Makelaardij B.V.,Altena,"Vrieseweg 155, DORDRECHT",Noord-Brabant,nvm,http://www.baasmakelaardij.nl/,http://www.baasmakelaardij.nl/aanbod/woningaanbod/dordrecht/koop/huis-10137064-Dubbeldamseweg-Noord-17/,0.94,regla,realworks,False,"prijzen=4, koop=4, huur=0"
ViaJoop Makelaardij,Altena,"Anjelierstraat 39, WIJK EN AALBURG",Noord-Brabant,nvm,http://www.viajoop.nl/,http://www.viajoop.nl/woningen/?type=koop,0.79,regla,wordpress,False,"prijzen=142, koop=3, huur=1"
Nouwen Makelaardij o.g. b.v.,Altena,"Damplein 50, DORDRECHT",Noord-Brabant,nvm,http://www.nouwen.nl/,https://nouwen.nl/gratis-verkoopadvies/,0.30,home-fallback,realworks,True,mejor candidato sin verificar (score=1.58)
Hofstede Land van Heusden,Altena,"Tuinstraat 18, VEEN",Noord-Brabant,nvm,https://www.hofstedelandvanheusden.nl/,,0.00,none,,False,home no cargó
Vos Woningmakelaardij,Altena,"Kerkbuurt 48, SLIEDRECHT",Noord-Brabant,nvm,https://www.voswoningmakelaardij.nl/,https://www.voswoningmakelaardij.nl/aanbod/,0.67,regla,wordpress,False,"prijzen=12, koop=1, huur=0"
Waltmann & Co. Papendrecht b.v.,Altena,"Veerweg 139, PAPENDRECHT",Noord-Brabant,nvm,http://www.waltmann.com/,https://www.waltmann.com/aanbod/koopwoningen,0.95,regla,,False,"prijzen=20, koop=2, huur=0"
Van Geffen Makelaardij,Altena,"Eind 20, GORINCHEM",Noord-Brabant,nvm,http://www.vangeffen.nl/,https://www.vangeffen.nl/aanbod/koopwoningen,0.95,regla,,False,"prijzen=5, koop=1, huur=0"
Mol & Roubos Makelaardij,Altena,"'t Rond 14, WOUDRICHEM",Noord-Brabant,nvm,http://www.molroubosmakelaardij.nl/,https://molroubosmakelaardij.nl/aanbod/,0.67,regla,realworks,False,"prijzen=27, koop=1, huur=0"
Hofstede Makelaardij Werkendam,Altena,"Hoogstraat 24, WERKENDAM",Noord-Brabant,nvm,http://www.hofstedemakelaardij.nl/,,0.00,none,,False,home no cargó
Kolpa OZP makelaars,Altena,"Vissersdijk Beneden 25, DORDRECHT",Noord-Brabant,nvm,http://www.kolpa-ozp.nl/,,0.00,none,realworks,False,sin candidatos de koop
Merwelanden Vastgoed Associatie BV,Altena,"Aletta Jacobs-erf 151, DORDRECHT",Noord-Brabant,nvm,http://www.merwelanden-makelaardij.nl/,,0.00,none,,False,sin candidatos de koop
Oomen Makelaardij & Taxaties,Altena,"Burgemeester Posweg 80, BRAKEL",Noord-Brabant,nvm,http://www.oomenmakelaardij.nl/,https://www.oomenmakelaardij.nl/wonen/,0.75,regla,,False,"prijzen=146, koop=3, huur=0"
Hofstede Bedrijfshuisvesting B.V.,Altena,"Sasdijk 10, WERKENDAM",Noord-Brabant,nvm,https://www.hofstedebedrijfshuisvesting.nl/,,0.00,none,,False,home no cargó
Zoomer Makelaardij B.V.,Altena,"Dudokplein 219B, DORDRECHT",Noord-Brabant,nvm,http://www.zoomermakelaardij.nl/,https://www.zoomermakelaardij.nl/aanbod/koopwoningen,0.95,regla,,False,"prijzen=38, koop=1, huur=0"
Taxanja Taxaties,Altena,"den Oudert 36, WIJK EN AALBURG",Noord-Brabant,nvm,https://www.taxanja.nl/,,0.00,none,,False,sin candidatos de koop
Berkers Taxaties,Asten,"Voorste Heusden 23, HEUSDEN",Noord-Brabant,nvm,https://www.berkerstaxaties.nl/,,0.00,none,,False,sin candidatos de koop
Tulkens Makelaardij,Asten,"Vlinderveld 7, ASTEN",Noord-Brabant,nvm,http://www.tulkensmakelaardij.nl/,http://www.tulkensmakelaardij.nl/aanbod/woningaanbod/koop/,0.95,regla,realworks,False,"prijzen=202, koop=4, huur=1"
Van Houts Makelaardij,Asten,"Dijkstraat 43, ASTEN",Noord-Brabant,nvm,http://www.vanhoutsmakelaardij.nl/,http://www.vanhoutsmakelaardij.nl/aanbod/woningaanbod/asten/koop/huis-10288622-Berkelaar-23/,0.86,regla,realworks,False,"prijzen=4, koop=4, huur=0"
Beter Wonen makelaardij Helma de Corte,Asten,"Wilhelminastraat 51, ASTEN",Noord-Brabant,nvm,http://www.beterwonenmakelaardij.nl/,http://www.beterwonenmakelaardij.nl/aanbod/woningaanbod/asten/koop/huis-10304094-Peelkesakker-38/,0.94,regla,realworks,False,"prijzen=6, koop=5, huur=0"
Makelaars- en Adviesburo Broeders,Baarle Nassau,"Dorpsstraat 74, CHAAM",Noord-Brabant,nvm,http://www.broedersmakelaardij.nl/,http://www.broedersmakelaardij.nl/aanbod/woningaanbod/gilze/koop/huis-10225430-Nerhovensestraat-17/,0.94,regla,realworks,False,"prijzen=4, koop=5, huur=0"
Peter van den Oetelaar Lommers Makelaars,Bergeijk,"Lange Akkers 7, WESTERHOVEN",Noord-Brabant,nvm,http://www.lommersmakelaars.nl/,,0.00,none,,True,sin candidatos de koop
Hennie Kunnen Makelaardij,Bergeijk,"Hof 8, BERGEIJK",Noord-Brabant,nvm,,,0.00,none,,False,
Met Ons Makelaars,Bergeijk,"Hof 63, BERGEIJK",Noord-Brabant,nvm,https://www.metonsmakelaars.nl/,https://www.metonsmakelaars.nl/aanbod,0.67,regla,realworks,False,"prijzen=20, koop=1, huur=0"
Wijman & Jansen ERA makelaars,Bergeijk,"Hof 63, BERGEIJK",Noord-Brabant,nvm,https://www.wijmanjansen.nl/,,0.00,none,,False,home no cargó
DE VIERWINDEN MAKELAARDIJ B.V.,Bergen Op Zoom,"Antwerpsestraat 18, BERGEN OP ZOOM",Noord-Brabant,nvm,http://www.devierwindenmakelaardij.nl/,https://www.devierwindenmakelaardij.nl/property/holleweg-187-bergen-op-zoom-612,0.79,regla,realworks,False,"prijzen=2, koop=3, huur=0"
Viaons Makelaardij B.V.,Bergen Op Zoom,"De Moerkens 19, BERGEN OP ZOOM",Noord-Brabant,nvm,http://www.viaons.nl/,http://www.viaons.nl/aanbod/woningaanbod/,0.94,regla,realworks,False,"prijzen=208, koop=4, huur=2"
Maes Makelaars,Bergen Op Zoom,"Noordzijde Zoom 7, BERGEN OP ZOOM",Noord-Brabant,nvm,http://www.maesgroep.nl/,https://www.maesmakelaars.nl/woningen/te-koop,0.88,regla,,False,"prijzen=12, koop=2, huur=0"
Brabant Makelaardij,Bergen Op Zoom,"Guido Gezellelaan 40A, BERGEN OP ZOOM",Noord-Brabant,nvm,http://www.brabantmakelaardij.nl/,https://www.brabantmakelaardij.nl/huis-verkopen-bergen-op-zoom/,0.30,home-fallback,wordpress,False,mejor candidato sin verificar (score=1.58)
Grosfeld makelaardij,Bergen Op Zoom,"Van Dedemstraat 196, BERGEN OP ZOOM",Noord-Brabant,nvm,,,0.00,none,,False,
Baas Makelaars,Bergen Op Zoom,"Vang 1, HALSTEREN",Noord-Brabant,nvm,http://www.baasmakelaars.nl/,https://baasmakelaars.nl/wonen/nieuwbouw,0.79,regla,realworks,False,"prijzen=16, koop=2, huur=0"
Vink Makelaardij,Bergen Op Zoom,"Achillesstraat 3D, BERGEN OP ZOOM",Noord-Brabant,nvm,http://www.vinkmakelaardij.com/,http://www.vinkmakelaardij.com/woningen/beschikbaar,0.67,regla,realworks,False,"prijzen=13, koop=1, huur=0"
Ketelaars Van Zutphen Makelaardij,Bernheze,"Plein 1969 11, HEESWIJK-DINTHER",Noord-Brabant,nvm,http://www.ketelaarsvanzutphen.nl/,http://www.ketelaarsvanzutphen.nl/aanbod/woningaanbod/koop/,0.95,regla,realworks,False,"prijzen=212, koop=4, huur=1"
Jansen & Van Tuijl Makelaars o.g.,Bernheze,"'t Dorp 4, HEESCH",Noord-Brabant,nvm,http://www.jansen-vantuijl.nl/,http://www.jansen-vantuijl.nl/aanbod/woningaanbod/oss/koop/huis-8457399-Bernhardlaan-43/,0.94,regla,realworks,False,"prijzen=7, koop=4, huur=1"
KOMwonen,Bernheze,"Cereslaan 8, HEESCH",Noord-Brabant,nvm,https://www.kom-wonen.nl/,https://www.kom-wonen.nl/aanbod/woningaanbod/koop/,0.95,regla,realworks,False,"prijzen=208, koop=4, huur=2"
Den Otter Van Vliet,Bernheze,"Cereslaan 8, HEESCH",Noord-Brabant,nvm,https://www.denottervanvliet.nl/,https://denottervanvliet.nl/aan-en-verkoop/,0.30,home-fallback,wordpress,True,mejor candidato sin verificar (score=1.58)
Ed Willems Makelaardij,Best,"Hoofdstraat 3, BEST",Noord-Brabant,nvm,http://www.edwillems.nl/,https://edwillems.nl/woningen/,0.67,regla,wordpress,False,"prijzen=28, koop=1, huur=0"
Van den Berk & Kerkhof Makelaars en Taxateurs,Best,"Eindhovenseweg 30B, BEST",Noord-Brabant,nvm,http://www.berkkerkhof.nl/,https://www.berkkerkhof.nl/actueel/ontdek-het-nieuwbouwproject/,0.30,home-fallback,realworks,False,mejor candidato sin verificar (score=1.58)
M.G.M. Makelaardij B.V.,Best,"Hoofdstraat 1, BEST",Noord-Brabant,nvm,http://www.mgmmakelaardij.nl/,https://www.mgmmakelaardij.nl/aanbod/koop/,0.87,regla,realworks,False,"prijzen=46, koop=2, huur=0"
Box Makelaardij,Bladel,"Markt 33, BLADEL",Noord-Brabant,nvm,http://www.boxmakelaardij.nl/,https://www.boxmakelaardij.nl/aanbod/tussenwoning-vezelstraat-15-reusel/,0.86,regla,wordpress,False,"prijzen=2, koop=3, huur=0"
Roijmans Makelaardij,Bladel,"Horizon 6, BLADEL",Noord-Brabant,nvm,http://www.roijmans.nl/,http://www.roijmans.nl/bedrijfsmatig-aanbod/koop/bladel/hallenstraat/5-h0,0.95,regla,,False,"prijzen=3, koop=4, huur=0"
Jonkers Makelaardij,Boekel,"Kerkstraat 12b, BOEKEL",Noord-Brabant,nvm,https://www.jonkers-makelaardij.nl/,https://www.jonkers-makelaardij.nl/aanbod/woningaanbod/koop/,0.95,regla,realworks,False,"prijzen=132, koop=3, huur=0"
Tijn Maas Makelaardij,Boxtel,"Clarissenstraat 16A, BOXTEL",Noord-Brabant,nvm,https://www.tm-makelaardij.nl/,https://www.tm-makelaardij.nl/woningaanbod/,0.75,regla,realworks,False,"prijzen=15, sin señales huur"
Van der Ven Makelaardij,Boxtel,"Lierenbout 10, BOXTEL",Noord-Brabant,nvm,,,0.00,none,,False,
Makelaardij Christian,Boxtel,"De Linnenbleker 88, BOXTEL",Noord-Brabant,nvm,,,0.00,none,,False,
Nuyens Makelaars,Boxtel,"Rechterstraat 49-b, BOXTEL",Noord-Brabant,nvm,http://www.nuyensmakelaars.nl/,,0.00,none,,False,sin candidatos de koop
Staete Makelaars Boxtel,Boxtel,"Stationsstraat 1, BOXTEL",Noord-Brabant,nvm,https://www.staete.nl/,https://www.staete.nl/aanbod/wonen/tOZUao2/laan-ten-habraken-2-5291-aj/,0.78,regla,,False,"prijzen=6, koop=4, huur=0"
Van Bragt Makelaars & Taxateurs,Breda,"Weerijssingel 48, BREDA",Noord-Brabant,nvm,,,0.00,none,,False,
Roga Makelaars B.V.,Breda,"Ginnekenweg 148, BREDA",Noord-Brabant,nvm,http://www.rogamakelaars.nl/,,0.00,none,,False,home no cargó
Crielaers Makelaardij & Taxaties,Breda,"Plateelbakkerstraat 36, BREDA",Noord-Brabant,nvm,https://www.crielaersmakelaardij.nl/,https://www.crielaersmakelaardij.nl/aanbod/woningaanbod/breda/koop/huis-10073758-Bernard-de-Wildestraat-600/,0.94,regla,realworks,False,"prijzen=8, koop=4, huur=1"
Ideale Makelaar,Breda,"Zeislaan 38, OOSTERHOUT",Noord-Brabant,nvm,https://www.idealemakelaar.nl/,https://www.idealemakelaar.nl/aanbod/koopwoningen,0.95,regla,,False,"prijzen=15, koop=2, huur=0"
Makelaarshuys Johanna en Gijs,Breda,"Nieuwe Ginnekenstraat 37, BREDA",Noord-Brabant,nvm,https://makelaarshuysjohanna.nl/,https://makelaarshuysjohanna.nl/aanbod/woningaanbod/,0.94,regla,realworks,False,"prijzen=132, koop=4, huur=2"
Bastiaansen van den Bemd Makelaars Taxateurs,Breda,"Ginnekenweg 157, BREDA",Noord-Brabant,nvm,https://www.b-vdb.nl/,,0.00,none,,False,home no cargó
Hypodomus Makelaars Breda,Breda,"Mathenessestraat 67A2, BREDA",Noord-Brabant,nvm,http://www.hypodomus-breda.nl/,http://www.hypodomus-breda.nl/aanbod/woningaanbod/,0.94,regla,realworks,False,"prijzen=132, koop=4, huur=2"
Storimans en Partners,Breda,"Ginnekenweg 161, BREDA",Noord-Brabant,nvm,https://www.storimansenpartners.nl/,,0.00,none,,False,home no cargó
Steverink en Partners,Breda,"Nieuwe Ginnekenstraat 47, BREDA",Noord-Brabant,nvm,http://www.steverink.nl/,http://www.steverink.nl/binnenkort-in-verkoop,0.76,regla,,False,"prijzen=10, koop=1, huur=0"
Bink & Partners,Breda,"Wildenborgstraat 48D, BREDA",Noord-Brabant,nvm,http://www.binkenpartners.nl/,https://binkenpartners.nl/huis-verkopen-breda/,0.30,home-fallback,wordpress,False,mejor candidato sin verificar (score=1.58)
Hendriks Makelaardij Breda,Breda,"Markendaalseweg 329A35, BREDA",Noord-Brabant,nvm,http://www.hendriks.nl/,https://hendriks.nl/woningaanbod/koop/rijsbergsebaan-13-4836-mc-breda,0.30,home-fallback,yes-co,False,mejor candidato sin verificar (score=3.50)
LUC Vastgoed Adviseurs,Breda,"Ulvenhoutselaan 79, BREDA",Noord-Brabant,nvm,https://www.lucvastgoed.nl/,https://www.lucvastgoed.nl/aanbod,0.67,regla,realworks,False,"prijzen=11, koop=3, huur=2"
Taxatie 4u,Breda,"Merelstraat 35, BREDA",Noord-Brabant,nvm,,,0.00,none,,False,
Kern Makelaars Breda B.V.,Breda,"van Coothplein 103, BREDA",Noord-Brabant,nvm,http://www.kernmakelaars.nl/,https://www.kernmakelaars.nl/aanbod/nu-in-verkoop,0.83,regla,,False,"prijzen=15, koop=2, huur=0"
Van der Sande Makelaars,Breda,"Vijverstraat 1, BREDA",Noord-Brabant,nvm,http://www.vandersande.nl/,http://www.vandersande.nl/wonen/binnenkort-in-de-verkoop,0.76,regla,,True,"prijzen=60, sin señales huur"
Bastia Real Estate BV,Breda,"Nieuwe Boschstraat 51, BREDA",Noord-Brabant,nvm,https://www.bastiarealestate.com/,https://bastiarealestate.com/woningaanbod/kwaadeindstraat-95-tilburg/,0.30,home-fallback,wordpress,True,mejor candidato sin verificar (score=1.52)
ERA Focus Makelaars Breda B.V.,Breda,"Lage Mosten 49, BREDA",Noord-Brabant,nvm,http://www.erafocus.nl/,,0.00,none,,False,sin candidatos de koop
Egan Makelaardij B.V.,Breda,"Kromme Slagen 14, BREDA",Noord-Brabant,nvm,https://www.eganmakelaardij.nl/,https://www.funda.nl/makelaars/breda/19403-egan-makelaardij-bv/woningaanbod/koop/heel-nederland/,0.30,home-fallback,,True,mejor candidato sin verificar (score=3.50)
KIN Makelaars Breda B.V.,Breda,"Korte Ploegstraat 19, BREDA",Noord-Brabant,nvm,http://www.kinmakelaars.nl/,http://www.kinmakelaars.nl/aanbod/wonen/te-koop,0.87,regla,realworks,False,"prijzen=10, koop=4, huur=3"
Van de Water Makelaars Breda,Breda,"Keizerstraat 91, BREDA",Noord-Brabant,nvm,http://www.vandewatergroep.nl/,https://vandewatergroep.nl/nieuwbouw/project/zevenbergen-markant-verkoop-gestart-schrijf-je-nu-in/,0.76,regla,realworks,False,"prijzen=324, sin señales huur"
Cranendonck Makelaars,Cranendonck,"Stationsstraat 8A, MAARHEEZE",Noord-Brabant,nvm,http://www.cranendonckmakelaars.nl/,https://www.cranendonckmakelaars.nl/aanbod/twee-onder-een-kapwoning-willem-alexanderlaan-36-maarheeze/,0.30,home-fallback,wordpress,False,mejor candidato sin verificar (score=2.62)
Bart Hut Makelaardij,Cranendonck,"Meidoornstraat 14, MAARHEEZE",Noord-Brabant,nvm,http://www.barthutmakelaardij.nl/,http://www.barthutmakelaardij.nl/aanbod/woningaanbod/maarheeze/koop/huis-10069812-Gagelstraat-14/,0.94,regla,realworks,False,"prijzen=6, koop=5, huur=0"
Hypodomus | Pieter Vriends,Deurne,"Diepenbroek 9, DEURNE",Noord-Brabant,nvm,http://www.hypodomus-eindhoven.nl/,,0.00,none,,False,home no cargó
Van Santvoort Makelaars b.v.,Deurne,"de Wever 7, DEURNE",Noord-Brabant,nvm,http://www.vansantvoort.nl/,https://www.vansantvoort.nl/woningen-zoeken/?type=koopwoningen,0.81,regla,wordpress,True,"prijzen=240, sin señales huur"
Door Martijn B.V.,Deurne,"De Meent 24a, DEURNE",Noord-Brabant,nvm,http://www.door-martijn.nl/,https://www.door-martijn.nl/ik-verkoop-een-huis,0.76,regla,,False,"prijzen=15, sin señales huur"
Bakens Makelaardij,Deurne,"Milhezerweg 4, DEURNE",Noord-Brabant,nvm,http://www.bakensmakelaardij.nl/,http://www.bakensmakelaardij.nl/aanbod/woningaanbod/helmond/koop/huis-10309030-Prins-Karelstraat-89/,0.86,regla,realworks,False,"prijzen=5, koop=4, huur=1"
NEO makelaars,Deurne,"Derpsestraat 1D, DEURNE",Noord-Brabant,nvm,https://www.neomakelaars.nl/,,0.00,none,,False,sin candidatos de koop
Assurantie- en Makelaarskantoor Swinkels B.V.,Deurne,"Kerkstraat 17, DEURNE",Noord-Brabant,nvm,http://www.makelaardijswinkels.nl/,https://www.makelaardijswinkels.nl/makelaardij/aanbod/,0.67,regla,wordpress,False,"prijzen=8, koop=3, huur=2"
Kanters Makelaars B.V.,Dongen,"Mgr. Poelsstraat 9, DONGEN",Noord-Brabant,nvm,https://www.kanters.net/,,0.00,none,,False,home no cargó
KIN Makelaars Dongen,Dongen,"Hoge Ham 93, DONGEN",Noord-Brabant,nvm,http://www.kinmakelaars.nl/,http://www.kinmakelaars.nl/aanbod/wonen/te-koop,0.87,regla,realworks,False,"prijzen=10, koop=4, huur=3"
Van den Bosch Makelaars,Dongen,"Mgr. Poelsstraat 1A, DONGEN",Noord-Brabant,nvm,http://www.vandenboschmakelaars.com/,https://www.vandenboschmakelaars.com/diensten/verkoopmakelaar/,0.30,home-fallback,realworks,False,mejor candidato sin verificar (score=1.58)
"Biemans Made, Makelaardij o.z. en Hypotheken",Drimmelen,"Marktstraat 4A, MADE",Noord-Brabant,nvm,http://www.biemansmade.nl/,http://www.biemansmade.nl/nl/diensten/verkoop,0.76,regla,realworks,False,"prijzen=3, koop=1, huur=0"
Bogaers Makelaardij,Drimmelen,"Nieuwstraat 22c, MADE",Noord-Brabant,nvm,http://www.bogaersmakelaardij.nl/,,0.00,none,,False,home no cargó
Verbrugge Makelaardij b.v.,Drimmelen,"Gangboord 11, RAAMSDONKSVEER",Noord-Brabant,nvm,http://www.verbrugge.com/,http://www.verbrugge.com/huizen,0.67,regla,wordpress,False,"prijzen=9, koop=1, huur=0"
ERA Makelaardij Amerstreek,Drimmelen,"Prins Bernhardstraat 1, RAAMSDONKSVEER",Noord-Brabant,nvm,http://www.eramakelaardijamerstreek.nl/,http://www.eramakelaardijamerstreek.nl/raamsdonksveer/era-makelaardij-amerstreek/verkoopmakelaar-raamsdonksveer,0.76,regla,,False,"prijzen=6, koop=1, huur=0"
ERA makelaars Oosterhout,Drimmelen,"IJsvogelvlinder 18, OOSTERHOUT",Noord-Brabant,nvm,http://www.eraoosterhout.nl/,http://www.eraoosterhout.nl/makelaar/oosterhout-nb/ijsvogelvlinder/era-makelaars-oosterhout/huizenaanbod,0.30,home-fallback,,False,mejor candidato sin verificar (score=0.72)
Ideale Makelaar,Drimmelen,"Zeislaan 38, OOSTERHOUT",Noord-Brabant,nvm,https://www.idealemakelaar.nl/,https://www.idealemakelaar.nl/aanbod/koopwoningen,0.95,regla,,False,"prijzen=15, koop=2, huur=0"
Trommelen Makelaars en Taxateurs,Drimmelen,"Heuvel 10, OOSTERHOUT",Noord-Brabant,nvm,,,0.00,none,,False,
Biemans B.V.,Drimmelen,"Heuvel 4, OOSTERHOUT",Noord-Brabant,nvm,http://www.biemansmakelaardij.nl/,,0.00,none,,False,home no cargó
Van der Plas & De Vegt Makelaardij B.V.,Drimmelen,"Bouwlingstraat 14, OOSTERHOUT",Noord-Brabant,nvm,http://www.vdplas.nl/,http://www.vdplas.nl/aanbod/woningaanbod/oosterhout/koop/huis-10223868-Zwanendonk-2/,0.94,regla,realworks,False,"prijzen=8, koop=4, huur=0"
Noud Kops Woning-en Bedrijfsmakelaardij en Verzekeringen,Drimmelen,"Mathildastraat 57, OOSTERHOUT",Noord-Brabant,nvm,http://www.noudkopsmakelaardij.nl/,http://www.noudkopsmakelaardij.nl/aanbod/woningaanbod/oosterhout/koop/huis-10166294-Leeuwenstraat-28/,0.94,regla,realworks,False,"prijzen=4, koop=4, huur=0"
Marjoleine Rinsma Makelaardij,Drimmelen,"Leuvenstraat 1, OOSTERHOUT",Noord-Brabant,nvm,http://www.mrmakelaardij.nl/,http://www.mrmakelaardij.nl/aanbod/woningaanbod/?inclkoop=true&inclhuur=false,0.94,regla,realworks,False,"prijzen=126, koop=4, huur=0"
Klijsen Makelaars & Adviseurs,Drimmelen,"Europark 5, OOSTERHOUT",Noord-Brabant,nvm,http://www.klijsen.nl/,https://www.klijsen.nl/agrarisch-grond-te-koop-grond-kopen-in-noord-brabant/,0.30,home-fallback,realworks,False,mejor candidato sin verificar (score=1.94)
Van Santvoort Makelaars b.v.,Eersel,"Nieuwstraat 62, EERSEL",Noord-Brabant,nvm,http://www.vansantvoort.nl/,https://www.vansantvoort.nl/woningen-zoeken/?type=koopwoningen,0.81,regla,wordpress,True,"prijzen=240, sin señales huur"
W. Heeren Makelaardij B.V.,Eersel,"Markt 48, EERSEL",Noord-Brabant,nvm,http://www.wheeren.nl/,http://www.wheeren.nl/aanbod/woningaanbod/hapert/koop/huis-9284102-Beerzedal-21/,0.94,regla,realworks,False,"prijzen=4, koop=4, huur=0"
Online Bedrijfsmakelaar,Eersel,"Lange Voren 16C, EERSEL",Noord-Brabant,nvm,http://www.onlinebedrijfsmakelaar.nl/,https://onlinebedrijfsmakelaar.nl/aanbod,0.67,regla,wordpress,False,"prijzen=99, koop=2, huur=2"
Hendrix Huybregts Makelaars,Eindhoven,"Amaryllisstraat 33, EINDHOVEN",Noord-Brabant,nvm,http://www.hendrixhuybregts.nl/,https://hendrixhuybregts.nl/woningen/koop/,0.86,regla,realworks,False,"prijzen=73, koop=2, huur=0"
Van de Schans Makelaardij,Eindhoven,"Blaarthemseweg 2, VELDHOVEN",Noord-Brabant,nvm,http://www.vandeschans.nl/,http://www.vandeschans.nl/aanbod/woningaanbod/koop/,0.95,regla,realworks,False,"prijzen=132, koop=4, huur=0"
Investimuswoningmakelaars,Eindhoven,"Oscar Wildelaan 11, EINDHOVEN",Noord-Brabant,nvm,http://www.investimuswoningmakelaars.nl/,https://investimuswoningmakelaars.nl/dienstverlening-verkoop,0.30,home-fallback,realworks,False,mejor candidato sin verificar (score=1.58)
Janssen Steijlen,Eindhoven,"Provincialeweg 80C, VELDHOVEN",Noord-Brabant,nvm,http://www.janssensteijlen.nl/,http://www.janssensteijlen.nl/bedrijfsaanbod/,0.67,regla,realworks,False,"prijzen=8, koop=2, huur=2"
VMG Regio Eindhoven B.V.,Eindhoven,"Meerwater 2, EINDHOVEN",Noord-Brabant,nvm,http://www.vmg-makelaars.nl/,http://www.vmg-makelaars.nl/aanbod,0.67,regla,realworks,False,"prijzen=28, sin señales huur"
PAR-3 Makelaars,Eindhoven,"Torenallee 20, EINDHOVEN",Noord-Brabant,nvm,http://www.par3makelaars.nl/,https://par3makelaars.nl/aanbod/,0.67,regla,wordpress,False,"prijzen=66, koop=2, huur=0"
Hendriks Makelaardij Eindhoven,Eindhoven,"Aalsterweg 5, EINDHOVEN",Noord-Brabant,nvm,http://www.hendriks.nl/,https://hendriks.nl/woningaanbod/koop/rijsbergsebaan-13-4836-mc-breda,0.30,home-fallback,yes-co,False,mejor candidato sin verificar (score=3.50)
Cushman & Wakefield Eindhoven,Eindhoven,"Schimmelt 14, EINDHOVEN",Noord-Brabant,nvm,https://www.cushmanwakefield.nl/,,0.00,none,,False,home no cargó
MVGM Vastgoedtaxaties,Eindhoven,"Mahatma Gandhilaan 6, EINDHOVEN",Noord-Brabant,nvm,https://www.mvgmvastgoedtaxaties.nl/,,0.00,none,,False,home no cargó
vb&t Makelaars Eindhoven,Eindhoven,"Vestdijk 180, EINDHOVEN",Noord-Brabant,nvm,https://www.vbtmakelaars.nl/,https://www.vbtmakelaars.nl/aanbod-nieuwbouw-koopwoningen,0.88,regla,yes-co,False,"prijzen=14, koop=2, huur=1"
Makelaarskantoor Brabant B.V.,Eindhoven,"Cassandraplein 1, EINDHOVEN",Noord-Brabant,nvm,http://www.brabantbv.nl/,http://www.brabantbv.nl/aanbod/woningaanbod/eindhoven/koop/huis-10044888-Aardbeistraat-9/,0.94,regla,realworks,False,"prijzen=8, koop=4, huur=0"
Hoogveldt Makelaardij,Eindhoven,"Tongelresestraat 359, EINDHOVEN",Noord-Brabant,nvm,https://hoogveldtmakelaardij.nl/,,0.00,none,,False,sin candidatos de koop
JLL Eindhoven,Eindhoven,"Kennedyplein 244A, EINDHOVEN",Noord-Brabant,nvm,http://www.jll.nl/,,0.00,none,wordpress,False,sin candidatos de koop
ERA Focus Makelaars Eindhoven B.V.,Eindhoven,"Hurksestraat 60, EINDHOVEN",Noord-Brabant,nvm,http://www.erafocus.nl/,,0.00,none,,False,sin candidatos de koop
Pradium Vastgoed,Eindhoven,"Lichttoren 32, EINDHOVEN",Noord-Brabant,nvm,https://www.pradium.nl/,,0.00,none,,False,home no cargó
Broekx Makelaardij & Hypotheken,Eindhoven,"Geldropseweg 159, EINDHOVEN",Noord-Brabant,nvm,http://www.broekx.nl/,https://www.broekx.nl/woningaanbod/verkocht/?_objecten_beschikbaarheid=verkocht,0.82,regla,wordpress,False,"prijzen=10, sin señales huur"
Ligtvoet Makelaardij,Eindhoven,"Boutenslaan 8, EINDHOVEN",Noord-Brabant,nvm,https://www.ligtvoetmakelaardij.nl/,,0.00,none,,False,home no cargó
Werner Sanders Makelaardij,Eindhoven,"Maarten Reuchlinlaan 25, EINDHOVEN",Noord-Brabant,nvm,http://www.wernersandersmakelaardij.nl/,,0.00,none,,False,home no cargó
"Meneer de Makelaar, Huijbregts en Wassink",Eindhoven,"Aalsterweg 78B, EINDHOVEN",Noord-Brabant,nvm,http://www.meneerdemakelaar.nl/,http://www.meneerdemakelaar.nl/aanbod/,0.67,regla,wordpress,False,"prijzen=7, koop=1, huur=0"
Lemon Suites,Eindhoven,"Torenallee 65, EINDHOVEN",Noord-Brabant,nvm,http://www.lemonsuites.nl/,https://www.lemonsuites.nl/woning-huren/,0.30,home-fallback,wordpress,True,mejor candidato sin verificar (score=0.72)
Heijblom Makelaardij,Etten Leur,"Markt 17, ETTEN-LEUR",Noord-Brabant,nvm,http://www.heijblommakelaardij.nl/,http://www.heijblommakelaardij.nl/aanbod/woningaanbod/koop/,0.95,regla,realworks,False,"prijzen=208, koop=4, huur=1"
Van de Kasteele Makelaardij,Etten Leur,"Dorpsstraat 92, ST. WILLEBRORD",Noord-Brabant,nvm,http://www.vandekasteele.com/,https://www.vandekasteele.com/property-type/woningen/,0.75,regla,wordpress,False,"prijzen=116, koop=1, huur=0"
Agnes Tomesen Makelaardij,Etten Leur,"Bredaseweg 53, ETTEN-LEUR",Noord-Brabant,nvm,http://www.tomesenmakelaardij.nl/,https://tomesenmakelaardij.nl/binnenkort-in-de-verkoop/,0.30,home-fallback,realworks,False,mejor candidato sin verificar (score=2.30)
Zegers Makelaardij o.g.,Etten Leur,"Oude Bredaseweg 58, ETTEN-LEUR",Noord-Brabant,nvm,http://www.zegersmakelaardij.nl/,http://www.zegersmakelaardij.nl/aanbod/woningaanbod/,0.94,regla,realworks,False,"prijzen=132, koop=4, huur=2"
Makelaar Miranda,Etten Leur,"Torenpad 6, ETTEN-LEUR",Noord-Brabant,nvm,http://www.makelaarmiranda.nl/,https://makelaarmiranda.nl/huizen,0.75,regla,realworks,False,"prijzen=20, koop=1, huur=0"
Valoris Vastgoedtaxaties+ B.V.,Etten Leur,"Tolhuislaan 113, ETTEN-LEUR",Noord-Brabant,nvm,https://www.valoris-taxaties.nl/,,0.00,none,,False,sin candidatos de koop
Verbrugge Makelaardij b.v.,Geertruidenberg,"Gangboord 11, RAAMSDONKSVEER",Noord-Brabant,nvm,http://www.verbrugge.com/,http://www.verbrugge.com/huizen,0.67,regla,wordpress,False,"prijzen=9, koop=1, huur=0"
ERA Makelaardij Amerstreek,Geertruidenberg,"Prins Bernhardstraat 1, RAAMSDONKSVEER",Noord-Brabant,nvm,http://www.eramakelaardijamerstreek.nl/,http://www.eramakelaardijamerstreek.nl/raamsdonksveer/era-makelaardij-amerstreek/verkoopmakelaar-raamsdonksveer,0.76,regla,,False,"prijzen=6, koop=1, huur=0"
"Biemans Made, Makelaardij o.z. en Hypotheken",Geertruidenberg,"Marktstraat 4A, MADE",Noord-Brabant,nvm,http://www.biemansmade.nl/,http://www.biemansmade.nl/nl/diensten/verkoop,0.76,regla,realworks,False,"prijzen=3, koop=1, huur=0"
Bogaers Makelaardij,Geertruidenberg,"Nieuwstraat 22c, MADE",Noord-Brabant,nvm,http://www.bogaersmakelaardij.nl/,,0.00,none,,False,home no cargó
Noud Kops Woning-en Bedrijfsmakelaardij en Verzekeringen,Geertruidenberg,"Mathildastraat 57, OOSTERHOUT",Noord-Brabant,nvm,http://www.noudkopsmakelaardij.nl/,http://www.noudkopsmakelaardij.nl/aanbod/woningaanbod/oosterhout/koop/huis-10166294-Leeuwenstraat-28/,0.94,regla,realworks,False,"prijzen=4, koop=4, huur=0"
Trommelen Makelaars en Taxateurs,Geertruidenberg,"Heuvel 10, OOSTERHOUT",Noord-Brabant,nvm,,,0.00,none,,False,
Biemans B.V.,Geertruidenberg,"Heuvel 4, OOSTERHOUT",Noord-Brabant,nvm,http://www.biemansmakelaardij.nl/,,0.00,none,,False,home no cargó
Ideale Makelaar,Geertruidenberg,"Zeislaan 38, OOSTERHOUT",Noord-Brabant,nvm,https://www.idealemakelaar.nl/,https://www.idealemakelaar.nl/aanbod/koopwoningen,0.95,regla,,False,"prijzen=15, koop=2, huur=0"
ERA makelaars Oosterhout,Geertruidenberg,"IJsvogelvlinder 18, OOSTERHOUT",Noord-Brabant,nvm,http://www.eraoosterhout.nl/,http://www.eraoosterhout.nl/makelaar/oosterhout-nb/ijsvogelvlinder/era-makelaars-oosterhout/huizenaanbod,0.30,home-fallback,,False,mejor candidato sin verificar (score=0.72)
Van der Plas & De Vegt Makelaardij B.V.,Geertruidenberg,"Bouwlingstraat 14, OOSTERHOUT",Noord-Brabant,nvm,http://www.vdplas.nl/,http://www.vdplas.nl/aanbod/woningaanbod/oosterhout/koop/huis-10223868-Zwanendonk-2/,0.94,regla,realworks,False,"prijzen=8, koop=4, huur=0"
Marjoleine Rinsma Makelaardij,Geertruidenberg,"Leuvenstraat 1, OOSTERHOUT",Noord-Brabant,nvm,http://www.mrmakelaardij.nl/,http://www.mrmakelaardij.nl/aanbod/woningaanbod/?inclkoop=true&inclhuur=false,0.94,regla,realworks,False,"prijzen=126, koop=4, huur=0"
Klijsen Makelaars & Adviseurs,Geertruidenberg,"Europark 5, OOSTERHOUT",Noord-Brabant,nvm,http://www.klijsen.nl/,https://www.klijsen.nl/agrarisch-grond-te-koop-grond-kopen-in-noord-brabant/,0.30,home-fallback,realworks,False,mejor candidato sin verificar (score=1.94)
Frank Gruintjes Makelaars,Geldrop Mierlo,"Marktstraat 18, MIERLO",Noord-Brabant,nvm,http://www.frankgruintjes.nl/,http://www.frankgruintjes.nl/aanbod/woningaanbod/mierlo/koop/huis-7946295-Vaanakker-61/,0.94,regla,realworks,False,"prijzen=5, koop=4, huur=0"
Kranen Makelaardij,Geldrop Mierlo,"Korte Kerkstraat 27, GELDROP",Noord-Brabant,nvm,http://www.kranenmakelaardij.nl/,http://www.kranenmakelaardij.nl/aanbod,0.67,regla,,False,"prijzen=60, koop=2, huur=0"
KIN Makelaars Regio Eindhoven B.V.,Geldrop Mierlo,"Korte Kerkstraat 6a, GELDROP",Noord-Brabant,nvm,https://www.kinmakelaars.nl/,http://www.kinmakelaars.nl/aanbod/wonen/te-koop,0.87,regla,realworks,False,"prijzen=10, koop=4, huur=3"
Woonadvies Makelaardij o.g.,Geldrop Mierlo,"Margrietstraat 76, MIERLO",Noord-Brabant,nvm,https://www.woonadviesmakelaardij.nl/,https://www.woonadviesmakelaardij.nl/aanbod/woningaanbod/mierlo/koop/huis-9229080-Patrijslaan-4H-47/,0.94,regla,realworks,False,"prijzen=12, koop=4, huur=0"
Van Helvoort Makelaardij o.z. B.V.,Gemert Bakel,"Ridderplein 5, GEMERT",Noord-Brabant,nvm,https://vanhelvoortmakelaardij.nl/,,0.00,none,,False,sin candidatos de koop
B & L Makelaarskantoor O.G. B.V.,Gemert Bakel,"Holterbergweide 5, HELMOND",Noord-Brabant,nvm,http://www.vendomakelaars.nl/,http://www.vendomakelaars.nl/voor-kopers/binnenkort-te-koop,0.30,home-fallback,,False,mejor candidato sin verificar (score=2.78)
Broeckx makelaars,Gemert Bakel,"Elisabethplaats 4, GEMERT",Noord-Brabant,nvm,http://www.woonplezier.nl/,http://www.woonplezier.nl/aanbod/woningaanbod/koop,0.95,regla,realworks,False,"prijzen=208, koop=5, huur=1"
Van Nunen Makelaars,Gemert Bakel,"Van Eupenlaan 2, GEMERT",Noord-Brabant,nvm,https://www.vannunenmakelaars.nl/,https://www.vannunenmakelaars.nl/verkoop/,0.30,home-fallback,realworks,False,mejor candidato sin verificar (score=1.58)
Jouw Aankoopmakelaar & Taxateur,Gilze En Rijen,"Bernhardstraat 32, RIJEN",Noord-Brabant,nvm,https://www.jouwamet.nl/,,0.00,none,wordpress,True,sin candidatos de koop
Appart Makelaars,Gilze En Rijen,"Pastoor Doensstraat 1b, BAVEL",Noord-Brabant,nvm,,,0.00,none,,False,
Makelaar Sander,Gilze En Rijen,"Pastoor Doensstraat 1b, BAVEL",Noord-Brabant,nvm,http://www.makelaarsander.nl/,http://www.makelaarsander.nl/aanbod/woningaanbod/,0.94,regla,realworks,False,"prijzen=208, koop=4, huur=2"
Rentmeester Makelaardij,Goirle,"Meijerij 3, RIEL",Noord-Brabant,nvm,http://www.rentmeestermakelaardij.nl/,http://www.rentmeestermakelaardij.nl/aanbod/woningaanbod/,0.94,regla,realworks,False,"prijzen=132, koop=4, huur=2"
Appels Makelaardij B.V.,Goirle,"Tilburgseweg 88, GOIRLE",Noord-Brabant,nvm,http://www.appels.nl/,https://www.appels.nl/aanbod,0.30,home-fallback,,False,mejor candidato sin verificar (score=0.72)
Clavem Makelaars,Goirle,"Tilburgseweg 1, GOIRLE",Noord-Brabant,nvm,http://www.clavem.eu/,http://www.clavem.eu/aanbod/woningaanbod/hilvarenbeek/koop/huis-9980160-Dr.-P.-C.-de-Brouwerlaan-20/,0.94,regla,realworks,False,"prijzen=4, koop=4, huur=0"
Van Meer Makelaars B.V.,Halderberge,"Ste Bernaertsstraat 14, OUDENBOSCH",Noord-Brabant,nvm,http://www.vanmeermakelaars.nl/,http://www.vanmeermakelaars.nl/aanbod/woningaanbod/oudenbosch/koop/huis-9883500-Nijverheidsweg-14/,0.94,regla,realworks,False,"prijzen=4, koop=4, huur=0"
Van de Kasteele Makelaardij,Halderberge,"Dorpsstraat 92, ST. WILLEBRORD",Noord-Brabant,nvm,http://www.vandekasteele.com/,https://www.vandekasteele.com/property-type/woningen/,0.75,regla,wordpress,False,"prijzen=116, koop=1, huur=0"
Sweere Makelaardij B.V.,Halderberge,"Dorpsstraat 17, OUD GASTEL",Noord-Brabant,nvm,https://www.sweere.nl/,https://www.sweere.nl/aanbod/nieuwbouwaanbod/oud-gastel/koop/project-66666--/#Bouwtypes,0.86,regla,realworks,False,"prijzen=18, koop=2, huur=0"
Heijblom Makelaardij b.v.,Halderberge,"St. Janstraat 69, HOEVEN",Noord-Brabant,nvm,https://www.heijblommakelaardij.nl/,http://www.heijblommakelaardij.nl/aanbod/woningaanbod/koop/,0.95,regla,realworks,False,"prijzen=208, koop=4, huur=1"
Wijk-Regio Makelaardij,Halderberge,"Jezuïetenplein 8-10, OUDENBOSCH",Noord-Brabant,nvm,http://www.wijk-regio.nl/,http://www.wijk-regio.nl/aanbod/woningaanbod/oudenbosch/koop/huis-10339742-Jaagpad-1/,0.94,regla,realworks,False,"prijzen=6, koop=5, huur=0"
Snijders & de Werdt Makelaars,Heeze Leende,"D vd Konijnenbergln 24, HEEZE",Noord-Brabant,nvm,http://www.swmakelaars.nl/,,0.00,none,,False,sin candidatos de koop
Kranen Makelaardij,Heeze Leende,"Korte Kerkstraat 27, GELDROP",Noord-Brabant,nvm,http://www.kranenmakelaardij.nl/,http://www.kranenmakelaardij.nl/aanbod,0.67,regla,,False,"prijzen=60, koop=2, huur=0"
Makelaardij OLAV Veldhuizen B.V.,Heeze Leende,"Kapelstraat 11, HEEZE",Noord-Brabant,nvm,http://www.makelaardijolav.nl/,http://www.makelaardijolav.nl/zoek-in-ons-aanbod,0.75,regla,,False,"prijzen=14, koop=1, huur=0"
KIN Makelaars Regio Eindhoven B.V.,Heeze Leende,"Korte Kerkstraat 6a, GELDROP",Noord-Brabant,nvm,https://www.kinmakelaars.nl/,http://www.kinmakelaars.nl/aanbod/wonen/te-koop,0.87,regla,realworks,False,"prijzen=10, koop=4, huur=3"
Harry Moes Makelaardij o.z.,Helmond,"Helmondseweg 12, AARLE-RIXTEL",Noord-Brabant,nvm,http://www.harrymoesmakelaardij.nl/,http://www.harrymoesmakelaardij.nl/aanbod/woningaanbod/schijndel/koop/huis-10245112-Hyacinthof-28/,0.86,regla,realworks,False,"prijzen=192, koop=4, huur=1"
M.G.M. Makelaardij Helmond,Helmond,"Oude Aa 1, HELMOND",Noord-Brabant,nvm,https://www.mgmmakelaardij.nl/,https://www.mgmmakelaardij.nl/aanbod/koop/,0.87,regla,realworks,False,"prijzen=46, koop=2, huur=0"
Broeckx makelaars,Helmond,"Mierloseweg 3, HELMOND",Noord-Brabant,nvm,http://www.woonplezier.nl/,http://www.woonplezier.nl/aanbod/woningaanbod/koop,0.95,regla,realworks,False,"prijzen=208, koop=5, huur=1"
B & L Makelaarskantoor O.G. B.V.,Helmond,"Holterbergweide 5, HELMOND",Noord-Brabant,nvm,http://www.vendomakelaars.nl/,http://www.vendomakelaars.nl/voor-kopers/binnenkort-te-koop,0.30,home-fallback,,False,mejor candidato sin verificar (score=2.78)
Van Tuijl makelaardij,Helmond,"Prinsenweier 19, NUENEN",Noord-Brabant,nvm,https://www.vantuijl-makelaardij.nl/,https://vantuijl-makelaardij.nl/woning-kopen/,0.75,regla,wordpress,False,"prijzen=3, koop=2, huur=0"
van Wetten Makelaardij,Helmond,"Eikendreef 17, HELMOND",Noord-Brabant,nvm,http://www.vanwetten.nl/,http://www.vanwetten.nl/aanbod/woningaanbod/koop/,0.95,regla,realworks,False,"prijzen=212, koop=4, huur=2"
Van Santvoort Makelaars b.v.,Helmond,"Paterslaan 2a, HELMOND",Noord-Brabant,nvm,http://www.vansantvoort.nl/,https://www.vansantvoort.nl/woningen-zoeken/?type=koopwoningen,0.81,regla,wordpress,True,"prijzen=240, sin señales huur"
Makelaar de Vree,Helmond,"Hortsedijk 23, HELMOND",Noord-Brabant,nvm,http://www.makelaardevree.nl/,http://www.makelaardevree.nl/aanbod/woningaanbod/helmond/koop/huis-9713046-Suytboulevard-47/,0.94,regla,realworks,False,"prijzen=7, koop=5, huur=1"
Theo Keijzers Makelaardij,Helmond,"Vossenbeemd 110B, HELMOND",Noord-Brabant,nvm,http://www.theo-keijzers.nl/,http://www.theo-keijzers.nl/aanbod/woningaanbod/helmond/koop/huis-9588260-Hunzestraat-55/,0.94,regla,realworks,False,"prijzen=4, koop=3, huur=0"
Raaijmakers Makelaardij,Helmond,"Steenweg 21R, HELMOND",Noord-Brabant,nvm,http://www.raaijmakersmakelaardij.nl/,https://www.raaijmakersmakelaardij.nl/woningen/,0.67,regla,realworks,False,"prijzen=59, koop=2, huur=0"
Adriaan van den Heuvel makelaars en adviseurs,Helmond,"Hoofdstraat 155, HELMOND",Noord-Brabant,nvm,http://www.heuvel.nl/,https://www.heuvel.nl/woningmakelaardij/aanbod/?_facet_financial_type=koop,0.88,regla,realworks,False,"prijzen=18, koop=1, huur=0"
vb&t Makelaars Helmond,Helmond,"Steenweg 18A, HELMOND",Noord-Brabant,nvm,http://www.vbtmakelaars.nl/,https://www.vbtmakelaars.nl/aanbod-nieuwbouw-koopwoningen,0.88,regla,yes-co,False,"prijzen=14, koop=2, huur=1"
A3 Taxaties,Helmond,"Zuid Koninginnewal 15, HELMOND",Noord-Brabant,nvm,https://www.a3taxaties.nl/,,0.00,none,wordpress,True,sin candidatos de koop
Woonadvies Makelaardij o.g.,Helmond,"Margrietstraat 76, MIERLO",Noord-Brabant,nvm,https://www.woonadviesmakelaardij.nl/,https://www.woonadviesmakelaardij.nl/aanbod/woningaanbod/mierlo/koop/huis-9229080-Patrijslaan-4H-47/,0.94,regla,realworks,False,"prijzen=12, koop=4, huur=0"
Van der Duim makelaardij,Helmond,"Dorpsstraat 30A, HELMOND",Noord-Brabant,nvm,https://www.vanderduimmakelaardij.nl/,https://www.vanderduimmakelaardij.nl/nl/woningaanbod,0.95,regla,realworks,False,"prijzen=49, koop=1, huur=0"
ERA Focus Makelaars Helmond B.V.,Helmond,"Steenovenweg 5, HELMOND",Noord-Brabant,nvm,http://www.erafocus.nl/,,0.00,none,,False,sin candidatos de koop
Frank Gruintjes Makelaars,Helmond,"Marktstraat 18, MIERLO",Noord-Brabant,nvm,http://www.frankgruintjes.nl/,http://www.frankgruintjes.nl/aanbod/woningaanbod/mierlo/koop/huis-7946295-Vaanakker-61/,0.94,regla,realworks,False,"prijzen=5, koop=4, huur=0"
ViaJoop Makelaardij,Heusden,"Anjelierstraat 39, WIJK EN AALBURG",Noord-Brabant,nvm,http://www.viajoop.nl/,http://www.viajoop.nl/woningen/?type=koop,0.79,regla,wordpress,False,"prijzen=142, koop=3, huur=1"
Makelaarshuys AERTS,Heusden,"Kapelstraat 26, ELSHOUT",Noord-Brabant,nvm,https://www.aerts.nl/,https://www.aerts.nl/aanbod/woningaanbod/drunen/koop/huis-8212399-Valeriusstraat-1/,0.94,regla,realworks,False,"prijzen=5, koop=4, huur=0"
Taxanja Taxaties,Heusden,"den Oudert 36, WIJK EN AALBURG",Noord-Brabant,nvm,https://www.taxanja.nl/,,0.00,none,,False,sin candidatos de koop
Staete Makelaars Drunen,Heusden,"Achterstraat 14a, DRUNEN",Noord-Brabant,nvm,http://www.staete.nl/,https://www.staete.nl/aanbod/wonen/tOZUao2/laan-ten-habraken-2-5291-aj/,0.78,regla,,False,"prijzen=6, koop=4, huur=0"
AMB Makelaars Drunen,Heusden,"Grotestraat 208, DRUNEN",Noord-Brabant,nvm,http://www.amb-makelaars.nl/,https://www.amb-makelaars.nl/aanbod,0.67,regla,,False,"prijzen=159, koop=1, huur=0"
Hofstede Land van Heusden,Heusden,"Tuinstraat 18, VEEN",Noord-Brabant,nvm,https://www.hofstedelandvanheusden.nl/,,0.00,none,,False,home no cargó
Tivoli woningmakelaars,Heusden,"Loeffstraat 29, WAALWIJK",Noord-Brabant,nvm,https://www.tivoliwoningmakelaars/,,0.00,none,,False,home no cargó
Mulders Taxaties B.V.,Heusden,"Van Oldenbarneveltstraat 7, DRUNEN",Noord-Brabant,nvm,https://www.mulderstaxaties.nl/,,0.00,none,,False,home no cargó
Van de Zande Makelaardij Waalwijk B.V.,Heusden,"Grotestraat 344, WAALWIJK",Noord-Brabant,nvm,http://www.zande.nl/,http://www.zande.nl/woningaanbod/,0.75,regla,realworks,False,"prijzen=65, koop=3, huur=0"
Staete Makelaars Waalwijk,Heusden,"Grotestraat 365, WAALWIJK",Noord-Brabant,nvm,http://www.staete.nl/,https://www.staete.nl/aanbod/wonen/tOZUao2/laan-ten-habraken-2-5291-aj/,0.78,regla,,False,"prijzen=6, koop=4, huur=0"
Remco Olden Lommers Makelaars,Heusden,"Hertog Janstraat 1e, WAALWIJK",Noord-Brabant,nvm,http://www.olden.nl/,http://www.olden.nl/aanbod/woningaanbod/,0.94,regla,realworks,False,"prijzen=132, koop=4, huur=2"
KIN Makelaars Waalwijk B.V.,Heusden,"Grotestraat 299, WAALWIJK",Noord-Brabant,nvm,https://www.kinmakelaars.nl/,http://www.kinmakelaars.nl/aanbod/wonen/te-koop,0.87,regla,realworks,False,"prijzen=10, koop=4, huur=3"
AMB Makelaars Waalwijk,Heusden,"Marijkestraat 9, WAALWIJK",Noord-Brabant,nvm,http://www.amb-makelaars.nl/,https://www.amb-makelaars.nl/aanbod,0.67,regla,,False,"prijzen=159, koop=1, huur=0"
Staete Makelaars Vlijmen,Heusden,"Plein 7A, VLIJMEN",Noord-Brabant,nvm,http://www.staete.nl/,https://www.staete.nl/aanbod/wonen/tOZUao2/laan-ten-habraken-2-5291-aj/,0.78,regla,,False,"prijzen=6, koop=4, huur=0"
Carre de Wit makelaardij,Heusden,"Mr. van Coothstraat 1, WAALWIJK",Noord-Brabant,nvm,https://www.carredewit.nl/,https://www.carredewit.nl/woningaanbod/,0.75,regla,realworks,False,"prijzen=61, koop=3, huur=1"
Timmermans Makelaardij,Heusden,"Stationsstraat 74, WAALWIJK",Noord-Brabant,nvm,http://www.timmermansmakelaardij.nl/,http://www.timmermansmakelaardij.nl/aanbod/woningaanbod/loon-op-zand/koop/huis-9926496-Sjerpstraat-1/,0.94,regla,realworks,False,"prijzen=5, koop=4, huur=0"
Bunt Taxaties en Vastgoedadvies B.V.,Heusden,"Keppelenkamp 17, GAMEREN",Noord-Brabant,nvm,http://www.buntvastgoed.nl/,,0.00,none,wordpress,True,sin candidatos de koop
Kievit Makelaardij,Heusden,"Baronieweg 6E, HEDEL",Noord-Brabant,nvm,http://www.kievitmakelaardij.com/,https://www.kievitmakelaardij.com/stille-verkoop,0.30,home-fallback,,False,mejor candidato sin verificar (score=1.58)
DUX Real Estate B.V.,Heusden,"Rietveldenweg 84, 'S-HERTOGENBOSCH",Noord-Brabant,nvm,https://www.duxrealestate.nl/,https://duxrealestate.nl/aanbod/s-hertogenbosch/graaf-van-solmsweg-99-e-30/,0.86,regla,wordpress,False,"prijzen=7, koop=2, huur=1"
Oomen Makelaardij & Taxaties,Heusden,"Burgemeester Posweg 80, BRAKEL",Noord-Brabant,nvm,http://www.oomenmakelaardij.nl/,https://www.oomenmakelaardij.nl/wonen/,0.75,regla,,False,"prijzen=146, koop=3, huur=0"
Clavem Makelaars,Hilvarenbeek,"Tilburgseweg 1, GOIRLE",Noord-Brabant,nvm,http://www.clavem.eu/,http://www.clavem.eu/aanbod/woningaanbod/hilvarenbeek/koop/huis-9980160-Dr.-P.-C.-de-Brouwerlaan-20/,0.94,regla,realworks,False,"prijzen=4, koop=4, huur=0"
M&S powered bij HRS,Hilvarenbeek,"Saal van Zwanenbergweg 1, TILBURG",Noord-Brabant,nvm,http://www.hrs.nl/,https://hrs.nl/wonen/binnenkort-in-de-verkoop,0.76,regla,,True,"prijzen=82, sin señales huur"
Appels Makelaardij B.V.,Hilvarenbeek,"Tilburgseweg 88, GOIRLE",Noord-Brabant,nvm,http://www.appels.nl/,https://www.appels.nl/aanbod,0.30,home-fallback,,False,mejor candidato sin verificar (score=0.72)
Robert Rexwinkel Lommers Makelaars,Hilvarenbeek,"Diessenseweg 7, HILVARENBEEK",Noord-Brabant,nvm,https://www.robertrexwinkel.nl/,https://www.robertrexwinkel.nl/verkoop,0.30,home-fallback,,True,mejor candidato sin verificar (score=1.58)
Van den Hurk Makelaars,Laarbeek,"Heuvelplein 55A, BEEK EN DONK",Noord-Brabant,nvm,http://www.vandenhurkmakelaars.nl/,http://www.vandenhurkmakelaars.nl/aanbod/woningaanbod/beek-en-donk/koop/huis-9330646-Hugo-Thijssensplein-1/,0.94,regla,realworks,False,"prijzen=4, koop=4, huur=0"
Van Helvoort Makelaardij o.z. B.V.,Laarbeek,"Ridderplein 5, GEMERT",Noord-Brabant,nvm,https://vanhelvoortmakelaardij.nl/,,0.00,none,,False,sin candidatos de koop
Trieling & Jacobs woning- en bedrijfsmakelaars,Laarbeek,"Heuvelplein 28, BEEK EN DONK",Noord-Brabant,nvm,http://www.trielingjacobs.nl/,http://www.trielingjacobs.nl/aanbod/woningaanbod/helmond/koop/huis-10205650-Malaxisbeek-8/,0.94,regla,realworks,False,"prijzen=4, koop=4, huur=0"
Statig Wonen makelaars,Laarbeek,"Heuvelplein 28, BEEK EN DONK",Noord-Brabant,nvm,http://www.statigwonen.nl/,https://www.statigwonen.nl/stille-verkoop/,0.76,regla,wordpress,False,"prijzen=19, koop=1, huur=0"
Harry Moes Makelaardij o.z.,Laarbeek,"Helmondseweg 12, AARLE-RIXTEL",Noord-Brabant,nvm,http://www.harrymoesmakelaardij.nl/,http://www.harrymoesmakelaardij.nl/aanbod/woningaanbod/schijndel/koop/huis-10245112-Hyacinthof-28/,0.86,regla,realworks,False,"prijzen=192, koop=4, huur=1"
Broeckx makelaars,Laarbeek,"Elisabethplaats 4, GEMERT",Noord-Brabant,nvm,http://www.woonplezier.nl/,http://www.woonplezier.nl/aanbod/woningaanbod/koop,0.95,regla,realworks,False,"prijzen=208, koop=5, huur=1"
Makelaardij Twan Poels,Land Van Cuijk,"Stationsplein 86/88, CUIJK",Noord-Brabant,nvm,http://www.twanpoels.nl/,https://www.twanpoels.nl/nieuwbouw/,0.76,regla,wordpress,False,"prijzen=340, koop=3, huur=0"
Hans Janssen Makelaars B.V.,Land Van Cuijk,"Rogstraat 6, GRAVE",Noord-Brabant,nvm,http://www.hansjanssen.nl/,https://www.hansjanssen.nl/makelaars/verkoop/,0.76,regla,realworks,False,"prijzen=710, koop=3, huur=1"
EEF Makelaars,Land Van Cuijk,"Burg Verkuijlstraat 55, BOXMEER",Noord-Brabant,nvm,http://www.eefmakelaars.nl/,http://www.eefmakelaars.nl/woningen/,0.67,regla,realworks,False,"prijzen=31, koop=1, huur=0"
Hansdemakelaar,Land Van Cuijk,"Brugstraat 27, GENNEP",Noord-Brabant,nvm,,,0.00,none,,False,
Hermens Vastgoed Advisering,Land Van Cuijk,"Hoogeweg 1, SAMBEEK",Noord-Brabant,nvm,http://www.hermensvastgoed.nl/,,0.00,none,,False,sin candidatos de koop
Smedema Makelaars & Taxateurs,Land Van Cuijk,"Europaplein 6, GENNEP",Noord-Brabant,nvm,http://www.smedema.nl/,http://www.smedema.nl/aanbod/woningaanbod/bergen-l/koop/huis-10073414-Aijen-8/,0.94,regla,realworks,False,"prijzen=4, koop=4, huur=0"
Beaufort & Kwakkernaat ERA Makelaars,Land Van Cuijk,"Hoeveveld 21, MOLENHOEK",Noord-Brabant,nvm,,,0.00,none,,False,
Makelaardij Martijn Willems,Land Van Cuijk,"Maasburg 13, CUIJK",Noord-Brabant,nvm,http://www.makelaarmartijnwillems.nl/,,0.00,none,,False,sin candidatos de koop
MVS makelaardij Boxmeer,Land Van Cuijk,"Steenstraat 117, BOXMEER",Noord-Brabant,nvm,http://www.mvsmakelaardij.nl/,https://www.mvsmakelaardij.nl/wonen/,0.67,regla,realworks,False,"prijzen=80, koop=2, huur=0"
De Wissel Beheer B.V.,Land Van Cuijk,"Heumenhofseweg 3, HEUMEN",Noord-Brabant,nvm,,,0.00,none,,False,
Vrijdag & De Bekker makelaardij en hypotheekwinkel,Land Van Cuijk,"d'n Entrepot 2c, BOXMEER",Noord-Brabant,nvm,http://www.vrijdag-debekker.nl/,http://www.vrijdag-debekker.nl/aanbod/woningaanbod/boxmeer/koop/huis-10226692-Adriaen-Brouwerstraat-15/,0.94,regla,realworks,False,"prijzen=4, koop=4, huur=0"
Kolmeijer Land van Cuijk,Land Van Cuijk,"Louis Jansenplein 13, CUIJK",Noord-Brabant,nvm,https://kolmeijercuijk.nl/,,0.00,none,,False,home no cargó
VIND Makelaardij B.V.,Land Van Cuijk,"Irenestraat 12Unit 3, OVERLOON",Noord-Brabant,nvm,https://www.vindmakelaardij.nl/,https://www.vindmakelaardij.nl/aanbod/vrijstaande-woning-ringoven-28-overloon/,0.86,regla,wordpress,False,"prijzen=2, koop=3, huur=1"
Leenaers Makelaardij,Land Van Cuijk,"Haver 40, MALDEN",Noord-Brabant,nvm,http://www.leenaersmakelaardij.nl/,https://www.leenaersmakelaardij.nl/aanbod/,0.67,regla,wordpress,False,"prijzen=10, koop=2, huur=0"
Elly Wintjes Makelaardij,Land Van Cuijk,"De Quayweg 45, LANDHORST",Noord-Brabant,nvm,http://www.wintjesmakelaardij.nl/,http://www.wintjesmakelaardij.nl/aanbod/,0.67,regla,,False,"prijzen=61, koop=2, huur=1"
Jilisen Makelaardij B.V.,Land Van Cuijk,"Gildelandt 28, MAASHEES",Noord-Brabant,nvm,http://www.jilisenmakelaardij.nl/,http://www.jilisenmakelaardij.nl/aanbod/woningaanbod/,0.75,regla,realworks,False,"prijzen=196, koop=4, huur=2"
Van der Loo Makelaardij o.z.,Landerd,"Hoogzoggel 1, UDEN",Noord-Brabant,nvm,http://www.vanderloomakelaardij.nl/,http://www.vanderloomakelaardij.nl/aanbod/woningaanbod/koop/,0.95,regla,realworks,False,"prijzen=122, koop=4, huur=0"
Aarden Makelaardij,Landerd,"President Kennedylaan 163A, UDEN",Noord-Brabant,nvm,http://www.aardenmakelaardij.nl/,http://www.aardenmakelaardij.nl/aanbod/woningaanbod/zeeland/koop/huis-10099206-Molenstraat-53/,0.94,regla,realworks,False,"prijzen=192, koop=5, huur=1"
Makelaardij Ton van Lanen & Partner,Landerd,"Kerkstraat 6, UDEN",Noord-Brabant,nvm,http://www.vanlanen.nl/,http://www.vanlanen.nl/aanbod/woningaanbod/,0.94,regla,realworks,False,"prijzen=132, koop=4, huur=2"
Bernheze Makelaars & Adviseurs B.V.,Landerd,"Bitswijk 10, UDEN",Noord-Brabant,nvm,http://www.bernheze.nl/,http://www.bernheze.nl/aanbod/wonen,0.67,regla,,False,"prijzen=164, koop=4, huur=1"
Derks Makelaardij,Landerd,"Volkelseweg 18B, UDEN",Noord-Brabant,nvm,http://www.derksmakelaardij.nl/,http://www.derksmakelaardij.nl/aanbod/woningaanbod/uden/koop/huis-9950642-Muziekplein-108/,0.94,regla,realworks,False,"prijzen=5, koop=4, huur=0"
Van de Ven Garantiemakelaars,Landerd,"President Kennedylaan 153, UDEN",Noord-Brabant,nvm,http://www.vandevengarantiemakelaars.nl/,http://www.vandevengarantiemakelaars.nl/woningaanbod,0.30,home-fallback,realworks,False,mejor candidato sin verificar (score=3.58)
Van der Krabben Makelaardij Uden B.V.,Landerd,"Velmolenweg 165, UDEN",Noord-Brabant,nvm,http://www.krabben.nl/,https://www.krabben.nl/wonen/aanbod,0.67,regla,,False,"prijzen=133, koop=3, huur=0"
Makelaardij & Taxatieburo Th.  v. Casteren,Landerd,"Pastoor van Winkelstraat 39B, SCHAIJK",Noord-Brabant,nvm,http://www.vancasteren.nl/,https://www.vancasteren.nl/woningen/te-koop-herpen-kapelakker-2/,0.79,regla,realworks,False,"prijzen=2, koop=3, huur=0"
Hans Janssen Makelaars B.V.,Landerd,"Rogstraat 6, GRAVE",Noord-Brabant,nvm,http://www.hansjanssen.nl/,https://www.hansjanssen.nl/makelaars/verkoop/,0.76,regla,realworks,False,"prijzen=710, koop=3, huur=1"
Petterson Makelaardij & Taxaties o.g.,Landerd,"Prof. Pulsersstraat 30, UDEN",Noord-Brabant,nvm,http://www.petterson.nl/,http://www.petterson.nl/aanbod/woningaanbod/koop/,0.95,regla,realworks,False,"prijzen=246, koop=4, huur=0"
Van Lanen Woning- en Bedrijfsmakelaardij B.V.,Landerd,"Violierstraat 23, UDEN",Noord-Brabant,nvm,http://www.vanlanenmakelaardij.nl/,http://www.vanlanenmakelaardij.nl/woningaanbod/koop/uden/bosschebaan-64-uden,0.95,regla,,False,"prijzen=8, koop=4, huur=1"
Makelaardij Bertens B.V.,Loon Op Zand,"Gildeweg 79, LOON OP ZAND",Noord-Brabant,nvm,http://www.makelaardijbertens.nl/,http://www.makelaardijbertens.nl/aanbod/woningaanbod/loon-op-zand/koop/huis-10154338-Hoge-Steenweg-130/,0.86,regla,realworks,False,"prijzen=4, koop=4, huur=0"
Aarden Makelaardij,Maashorst,"President Kennedylaan 163A, UDEN",Noord-Brabant,nvm,http://www.aardenmakelaardij.nl/,http://www.aardenmakelaardij.nl/aanbod/woningaanbod/zeeland/koop/huis-10099206-Molenstraat-53/,0.94,regla,realworks,False,"prijzen=192, koop=5, huur=1"
Hans Janssen Makelaars B.V.,Maashorst,"Rogstraat 6, GRAVE",Noord-Brabant,nvm,http://www.hansjanssen.nl/,https://www.hansjanssen.nl/makelaars/verkoop/,0.76,regla,realworks,False,"prijzen=710, koop=3, huur=1"
Makelaardij & Taxatieburo Th.  v. Casteren,Maashorst,"Pastoor van Winkelstraat 39B, SCHAIJK",Noord-Brabant,nvm,http://www.vancasteren.nl/,https://www.vancasteren.nl/woningen/te-koop-herpen-kapelakker-2/,0.79,regla,realworks,False,"prijzen=2, koop=3, huur=0"
Van der Loo Makelaardij o.z.,Maashorst,"Hoogzoggel 1, UDEN",Noord-Brabant,nvm,http://www.vanderloomakelaardij.nl/,http://www.vanderloomakelaardij.nl/aanbod/woningaanbod/koop/,0.95,regla,realworks,False,"prijzen=122, koop=4, huur=0"
Makelaardij Ton van Lanen & Partner,Maashorst,"Kerkstraat 6, UDEN",Noord-Brabant,nvm,http://www.vanlanen.nl/,http://www.vanlanen.nl/aanbod/woningaanbod/,0.94,regla,realworks,False,"prijzen=132, koop=4, huur=2"
Bernheze Makelaars & Adviseurs B.V.,Maashorst,"Bitswijk 10, UDEN",Noord-Brabant,nvm,http://www.bernheze.nl/,http://www.bernheze.nl/aanbod/wonen,0.67,regla,,False,"prijzen=164, koop=4, huur=1"
Van Lanen Woning- en Bedrijfsmakelaardij B.V.,Maashorst,"Violierstraat 23, UDEN",Noord-Brabant,nvm,http://www.vanlanenmakelaardij.nl/,http://www.vanlanenmakelaardij.nl/woningaanbod/koop/uden/bosschebaan-64-uden,0.95,regla,,False,"prijzen=8, koop=4, huur=1"
Derks Makelaardij,Maashorst,"Volkelseweg 18B, UDEN",Noord-Brabant,nvm,http://www.derksmakelaardij.nl/,http://www.derksmakelaardij.nl/aanbod/woningaanbod/uden/koop/huis-9950642-Muziekplein-108/,0.94,regla,realworks,False,"prijzen=5, koop=4, huur=0"
Petterson Makelaardij & Taxaties o.g.,Maashorst,"Prof. Pulsersstraat 30, UDEN",Noord-Brabant,nvm,http://www.petterson.nl/,http://www.petterson.nl/aanbod/woningaanbod/koop/,0.95,regla,realworks,False,"prijzen=246, koop=4, huur=0"
Van der Krabben Makelaardij Uden B.V.,Maashorst,"Velmolenweg 165, UDEN",Noord-Brabant,nvm,http://www.krabben.nl/,https://www.krabben.nl/wonen/aanbod,0.67,regla,,False,"prijzen=133, koop=3, huur=0"
Van de Ven Garantiemakelaars,Maashorst,"President Kennedylaan 153, UDEN",Noord-Brabant,nvm,http://www.vandevengarantiemakelaars.nl/,http://www.vandevengarantiemakelaars.nl/woningaanbod,0.30,home-fallback,realworks,False,mejor candidato sin verificar (score=3.58)
Makelaardij OLAV,Meierijstad,"Stationsstraat 11B, VEGHEL",Noord-Brabant,nvm,http://www.makelaardijolav.nl/,http://www.makelaardijolav.nl/zoek-in-ons-aanbod,0.75,regla,,False,"prijzen=14, koop=1, huur=0"
Van den Hurk Makelaars,Meierijstad,"Heuvelplein 55A, BEEK EN DONK",Noord-Brabant,nvm,http://www.vandenhurkmakelaars.nl/,http://www.vandenhurkmakelaars.nl/aanbod/woningaanbod/beek-en-donk/koop/huis-9330646-Hugo-Thijssensplein-1/,0.94,regla,realworks,False,"prijzen=4, koop=4, huur=0"
Dragt Makelaars o.g.,Meierijstad,"Poort van Veghel 4931A, VEGHEL",Noord-Brabant,nvm,http://www.dragtmakelaars.nl/,,0.00,none,,False,home no cargó
Korsten Makelaardij b.v.,Meierijstad,"Zeven Eikenlaan 24, VEGHEL",Noord-Brabant,nvm,http://www.korsten.nl/,http://www.korsten.nl/aanbod/woningaanbod/veghel/koop/huis-9042872-Binnenveld-4/,0.94,regla,realworks,False,"prijzen=4, koop=4, huur=0"
De Koning Makelaardij B.V.,Meierijstad,"Corridor 17b, SINT-OEDENRODE",Noord-Brabant,nvm,http://www.dekoningmakelaardij.nl/,http://www.dekoningmakelaardij.nl/aanbod/woningaanbod/,0.94,regla,realworks,False,"prijzen=208, koop=4, huur=2"
Aarden Makelaardij,Meierijstad,"President Kennedylaan 163A, UDEN",Noord-Brabant,nvm,http://www.aardenmakelaardij.nl/,http://www.aardenmakelaardij.nl/aanbod/woningaanbod/zeeland/koop/huis-10099206-Molenstraat-53/,0.94,regla,realworks,False,"prijzen=192, koop=5, huur=1"
De Plaatselijke Makelaar Rob van de Laar B.V.,Meierijstad,"Kofferen 8, SINT-OEDENRODE",Noord-Brabant,nvm,https://www.dpmrobvandelaar.nl/,https://www.dpmrobvandelaar.nl/stille-verkoop/,0.30,home-fallback,realworks,False,mejor candidato sin verificar (score=1.58)
Meierijstad Makelaardij,Meierijstad,"Hoogstraat 25, VEGHEL",Noord-Brabant,nvm,http://www.demakelaarvanhier.nl/,https://demakelaarvanhier.nl/aanbod/koop-woning/,0.87,regla,wordpress,False,"prijzen=97, koop=3, huur=1"
Van der Loo Makelaardij o.z.,Meierijstad,"Hoogzoggel 1, UDEN",Noord-Brabant,nvm,http://www.vanderloomakelaardij.nl/,http://www.vanderloomakelaardij.nl/aanbod/woningaanbod/koop/,0.95,regla,realworks,False,"prijzen=122, koop=4, huur=0"
Statig Wonen makelaars,Meierijstad,"Heuvelplein 28, BEEK EN DONK",Noord-Brabant,nvm,http://www.statigwonen.nl/,https://www.statigwonen.nl/stille-verkoop/,0.76,regla,wordpress,False,"prijzen=19, koop=1, huur=0"
Ketelaars Van Zutphen Makelaardij,Meierijstad,"Plein 1969 11, HEESWIJK-DINTHER",Noord-Brabant,nvm,http://www.ketelaarsvanzutphen.nl/,http://www.ketelaarsvanzutphen.nl/aanbod/woningaanbod/koop/,0.95,regla,realworks,False,"prijzen=212, koop=4, huur=1"
Derks Makelaardij,Meierijstad,"Volkelseweg 18B, UDEN",Noord-Brabant,nvm,http://www.derksmakelaardij.nl/,http://www.derksmakelaardij.nl/aanbod/woningaanbod/uden/koop/huis-9950642-Muziekplein-108/,0.94,regla,realworks,False,"prijzen=5, koop=4, huur=0"
Trieling & Jacobs woning- en bedrijfsmakelaars,Meierijstad,"Heuvelplein 28, BEEK EN DONK",Noord-Brabant,nvm,http://www.trielingjacobs.nl/,http://www.trielingjacobs.nl/aanbod/woningaanbod/helmond/koop/huis-10205650-Malaxisbeek-8/,0.94,regla,realworks,False,"prijzen=4, koop=4, huur=0"
Leenders Makelaardij,Meierijstad,"Barbarahoeve 21, VEGHEL",Noord-Brabant,nvm,http://www.leendersmakelaardij.nl/,http://www.leendersmakelaardij.nl/aanbod/woningaanbod/erp/koop/huis-10242176-Hezelstraat-3/,0.94,regla,realworks,False,"prijzen=4, koop=4, huur=0"
ZoDus Makelaars,Meierijstad,"Wiekslag 27, VEGHEL",Noord-Brabant,nvm,https://www.zodus.nl/,,0.00,none,,False,home no cargó
Raadhage Makelaardij,Meierijstad,"Stationsstraat 20, VEGHEL",Noord-Brabant,nvm,http://www.raadhage.nl/,http://www.raadhage.nl/aanbod/woningaanbod/koop/,0.95,regla,realworks,False,"prijzen=208, koop=4, huur=1"
Makelaardij o.g. Van den Berg,Meierijstad,"Koninginnelaan 5, SINT-OEDENRODE",Noord-Brabant,nvm,http://www.vandenbergmakelaardij.nl/,http://www.vandenbergmakelaardij.nl/woningen/,0.75,regla,wordpress,False,"prijzen=4, koop=2, huur=1"
Van der Krabben Makelaardij Uden B.V.,Meierijstad,"Velmolenweg 165, UDEN",Noord-Brabant,nvm,http://www.krabben.nl/,https://www.krabben.nl/wonen/aanbod,0.67,regla,,False,"prijzen=133, koop=3, huur=0"
Meierijstad Makelaardij B.V.,Meierijstad,"Kloosterstraat 6, SCHIJNDEL",Noord-Brabant,nvm,https://www.demakelaarvanhier.nl/,https://demakelaarvanhier.nl/aanbod/koop-woning/,0.87,regla,wordpress,False,"prijzen=97, koop=3, huur=1"
Woonschuijt Makelaars,Moerdijk,"Molenstraat 12, ZEVENBERGEN",Noord-Brabant,nvm,http://www.woonschuijt.nl/,http://www.woonschuijt.nl/wonen/diensten/huis-verkopen/,0.30,home-fallback,wordpress,True,mejor candidato sin verificar (score=1.58)
Bon Makelaardij B.V.,Moerdijk,"Molenstraat 36, ZEVENBERGEN",Noord-Brabant,nvm,http://www.bonmakelaardij.nl/,http://www.bonmakelaardij.nl/aanbod/woningaanbod/zevenbergen/koop/huis-10282264-Hoefbladstraat-6/,0.86,regla,realworks,False,"prijzen=8, koop=4, huur=0"
Van Hoogdalem Makelaardij,Moerdijk,"Doctor Arienslaan 15, ZEVENBERGEN",Noord-Brabant,nvm,http://www.hoogdalem-makelaardij.nl/,http://www.hoogdalem-makelaardij.nl/aanbod/woningaanbod/koop/,0.95,regla,realworks,False,"prijzen=114, koop=4, huur=1"
Overwater Rentmeesterskantoor,Moerdijk,"Kerkstraat 54, STRIJEN",Noord-Brabant,nvm,https://www.ovtr.nl/,https://www.ovtr.nl/aanbod-objecten/,0.74,regla,wordpress,False,"prijzen=16, koop=3, huur=2"
Overwater Rentmeesterskantoor B.V.,Moerdijk,"Kerkstraat 54, STRIJEN",Noord-Brabant,nvm,,,0.00,none,,False,
Van Wensen Makelaars B.V.,Moerdijk,"Zevenbergsepoort 3, KLUNDERT",Noord-Brabant,nvm,http://www.vanwensenmakelaars.nl/,http://www.vanwensenmakelaars.nl/aanbod/woningaanbod/rotterdam/koop/huis-10367727-Bommelerwaard-8/,0.86,regla,realworks,False,"prijzen=4, koop=4, huur=0"
Waltmann Bedrijfshuisvesting,Moerdijk,"Laan van Europa 310, DORDRECHT",Noord-Brabant,nvm,https://www.waltmann.nu/,https://www.waltmann.nu/aanbod/beleggingsobjecten,0.74,regla,,False,"prijzen=3, koop=2, huur=0"
MarQuis Makelaars & taxateurs,Moerdijk,"Kerkstraat 7, 'S-GRAVENDEEL",Noord-Brabant,nvm,http://www.marquis.nl/,http://www.marquis.nl/nl/aanbod,0.88,regla,,False,"prijzen=28, sin señales huur"
Advema B.V.,Moerdijk,"Amstelwijckweg 15, DORDRECHT",Noord-Brabant,nvm,http://www.advema.nl/,,0.00,none,,False,home no cargó
Makelaarsplein,Nuenen Gerwen En Nederwetten,"De Pinckart 54, NUENEN",Noord-Brabant,nvm,http://www.makelaarsplein.com/,http://www.makelaarsplein.com/aanbod/woningaanbod/eindhoven/koop/huis-10094784-Tongelresestraat-4F/,0.94,regla,realworks,False,"prijzen=7, koop=4, huur=1"
Metselaars Makelaardij b.v.,Nuenen Gerwen En Nederwetten,"Berg 19, NUENEN",Noord-Brabant,nvm,http://www.metselaarsmakelaardij.nl/,https://metselaarsmakelaardij.nl/nl/stille-verkoop,0.76,regla,,False,"prijzen=3, koop=2, huur=0"
Vollenbroek B.V.,Nuenen Gerwen En Nederwetten,"Berg 19, NUENEN",Noord-Brabant,nvm,http://www.vollenbroekbv.com/,,0.00,none,,False,home no cargó
Hoogveldt Makelaardij,Nuenen Gerwen En Nederwetten,"Tongelresestraat 359, EINDHOVEN",Noord-Brabant,nvm,https://hoogveldtmakelaardij.nl/,,0.00,none,,False,sin candidatos de koop
Van Tuijl makelaardij,Nuenen Gerwen En Nederwetten,"Prinsenweier 19, NUENEN",Noord-Brabant,nvm,https://www.vantuijl-makelaardij.nl/,https://vantuijl-makelaardij.nl/woning-kopen/,0.75,regla,wordpress,False,"prijzen=3, koop=2, huur=0"
Van den Buijs Garantiemakelaars,Nuenen Gerwen En Nederwetten,"Park 32, NUENEN",Noord-Brabant,nvm,http://www.vandenbuijsmakelaars.nl/,http://www.vandenbuijsmakelaars.nl/woningaanbod/koop,0.30,home-fallback,realworks,False,mejor candidato sin verificar (score=4.50)
KJB Makelaardij,Nuenen Gerwen En Nederwetten,"Parkstraat 15A, NUENEN",Noord-Brabant,nvm,http://www.kjbmakelaardij.nl/,http://www.kjbmakelaardij.nl/aanbod/woningaanbod/koop/,0.95,regla,realworks,False,"prijzen=208, koop=3, huur=2"
Van Roon Makelaardij & Taxaties B.V.,Nuenen Gerwen En Nederwetten,"van Gentlaan 14, SON EN BREUGEL",Noord-Brabant,nvm,http://www.vrmt.nl/,http://www.vrmt.nl/aanbod/woningaanbod/son-en-breugel/koop/huis-10201980-Kanaaldijk-Noord-16/,0.94,regla,realworks,False,"prijzen=9, koop=5, huur=0"
Van Santvoort Makelaars B.V.,Nuenen Gerwen En Nederwetten,"Berg 2, NUENEN",Noord-Brabant,nvm,http://www.vansantvoort.nl/,https://www.vansantvoort.nl/woningen-zoeken/?type=koopwoningen,0.81,regla,wordpress,True,"prijzen=240, sin señales huur"
Van de Meerendonk Makelaars- & Hypotheekkantoor BV,Oirschot,"Rijkesluisstraat 51, OIRSCHOT",Noord-Brabant,nvm,http://www.vandemeerendonkmakelaars.nl/,http://www.vandemeerendonkmakelaars.nl/aanbod/woningaanbod/koop/,0.95,regla,realworks,False,"prijzen=206, koop=4, huur=1"
Gast Makelaardij o.g. en Assurantien,Oirschot,"Spoordonkseweg 16, OIRSCHOT",Noord-Brabant,nvm,http://www.gastmakelaardij.nl/,https://www.gastmakelaardij.nl/aanbod,0.67,regla,,False,"prijzen=8, koop=2, huur=2"
Gijs Claassen Vastgoed advies,Oirschot,"Fransebaan 4, OISTERWIJK",Noord-Brabant,nvm,https://www.gijsclaassen.nl/,https://www.gijsclaassen.nl/#aanbod,0.30,home-fallback,,True,mejor candidato sin verificar (score=0.72)
Lelieveld Makelaardij Oirschot,Oirschot,"Rijkesluisstraat 19A, OIRSCHOT",Noord-Brabant,nvm,http://www.lelieveldmakelaardij.nl/,https://www.lelieveldmakelaardij.nl/aanbod/twee-onder-een-kapwoning-van-de-pollstraat-3-vught/,0.30,home-fallback,wordpress,False,mejor candidato sin verificar (score=2.62)
Quinten Vastgoed,Oirschot,"Jonathan 8., OIRSCHOT",Noord-Brabant,nvm,https://www.funda.nl/makelaar/14351-jeroen-quinten-taxatie-en-aankoopbegeleiding/,https://www.funda.nl/makelaarsmatch,0.30,home-fallback,,True,mejor candidato sin verificar (score=1.58)
HuisMarct Makelaars,Oirschot,"St Odulphusstraat 8, OIRSCHOT",Noord-Brabant,nvm,https://www.huismarct.nl/,https://www.huismarct.nl/aanbod/twee-onder-een-kapwoning-lubberstraat-0ong-oirschot-2/,0.30,home-fallback,wordpress,False,mejor candidato sin verificar (score=2.62)
Fijne Makelaar,Oisterwijk,"Dorpsstraat 14, OISTERWIJK",Noord-Brabant,nvm,http://www.fijnemakelaar.nl/,http://www.fijnemakelaar.nl/woningen/,0.75,regla,realworks,False,"prijzen=70, koop=1, huur=1"
Elzen Winkelman Makelaars,Oisterwijk,"Baerdijk 24, OISTERWIJK",Noord-Brabant,nvm,https://www.elzenwinkelman.nl/,https://www.elzenwinkelman.nl/aanbod/woningaanbod/bestaande-bouw/,0.94,regla,realworks,False,"prijzen=208, koop=4, huur=3"
Brands Bedrijfsmakelaardij,Oisterwijk,"Rhijnkant 1114, BERKEL-ENSCHOT",Noord-Brabant,nvm,https://www.brandsbedrijfsmakelaardij.nl/,https://www.brandsbedrijfsmakelaardij.nl/aanbod/bedrijfsaanbod/boxtel/koop/bedrijf-875526-Stationsstraat-14/,0.86,regla,realworks,False,"prijzen=3, koop=4, huur=1"
Kroon Makelaardij,Oisterwijk,"Kerkstraat 5, OISTERWIJK",Noord-Brabant,nvm,http://www.kroonhuis.nl/,https://kroonhuis.nl/te-koop-moergestel/,0.30,home-fallback,realworks,False,mejor candidato sin verificar (score=1.94)
Gerritse Makelaardij,Oisterwijk,"Rhijnkant 1117, BERKEL-ENSCHOT",Noord-Brabant,nvm,https://www.gerritsemakelaardij.nl/,https://www.gerritsemakelaardij.nl/verkoop,0.30,home-fallback,,False,mejor candidato sin verificar (score=1.58)
Appeldoorn van Erven Makelaars,Oisterwijk,"Lisstraat 1, OISTERWIJK",Noord-Brabant,nvm,http://www.appeldoornvanerven.nl/,http://www.appeldoornvanerven.nl/aanbod/woningaanbod/,0.30,home-fallback,realworks,True,mejor candidato sin verificar (score=3.42)
Finesse Makelaardij,Oisterwijk,"Groenstraat 31, OISTERWIJK",Noord-Brabant,nvm,http://www.finesse-makelaardij.nl/,http://www.finesse-makelaardij.nl/aanbod/woningaanbod/goirle/koop/huis-10056470-De-Vloed-20/,0.94,regla,realworks,False,"prijzen=4, koop=4, huur=0"
Marcel Panis Makelaardij,Oisterwijk,"Eikenbosch 23, BERKEL-ENSCHOT",Noord-Brabant,nvm,http://www.panis.nl/,http://www.panis.nl/aanbod/woningaanbod/koop/,0.95,regla,realworks,False,"prijzen=194, koop=4, huur=1"
Lelieveld makelaardij,Oisterwijk,"Stationsplein 1, OISTERWIJK",Noord-Brabant,nvm,http://www.lelieveldmakelaardij.com/,https://www.lelieveldmakelaardij.nl/aanbod/twee-onder-een-kapwoning-van-de-pollstraat-3-vught/,0.30,home-fallback,wordpress,False,mejor candidato sin verificar (score=2.62)
Gijs Claassen Vastgoed advies,Oisterwijk,"Fransebaan 4, OISTERWIJK",Noord-Brabant,nvm,https://www.gijsclaassen.nl/,https://www.gijsclaassen.nl/#aanbod,0.30,home-fallback,,True,mejor candidato sin verificar (score=0.72)
Biemans B.V.,Oosterhout,"Heuvel 4, OOSTERHOUT",Noord-Brabant,nvm,http://www.biemansmakelaardij.nl/,,0.00,none,,False,home no cargó
Marjoleine Rinsma Makelaardij,Oosterhout,"Leuvenstraat 1, OOSTERHOUT",Noord-Brabant,nvm,http://www.mrmakelaardij.nl/,http://www.mrmakelaardij.nl/aanbod/woningaanbod/?inclkoop=true&inclhuur=false,0.94,regla,realworks,False,"prijzen=126, koop=4, huur=0"
Trommelen Makelaars en Taxateurs,Oosterhout,"Heuvel 10, OOSTERHOUT",Noord-Brabant,nvm,,,0.00,none,,False,
Van der Plas & De Vegt Makelaardij B.V.,Oosterhout,"Bouwlingstraat 14, OOSTERHOUT",Noord-Brabant,nvm,http://www.vdplas.nl/,http://www.vdplas.nl/aanbod/woningaanbod/oosterhout/koop/huis-10223868-Zwanendonk-2/,0.94,regla,realworks,False,"prijzen=8, koop=4, huur=0"
De Zeeuw Makelaars,Oosterhout,"Hoeveneind 15, TETERINGEN",Noord-Brabant,nvm,https://www.dezeeuwmakelaars.nl/,https://www.dezeeuwmakelaars.nl/aanbod/vrijstaande-woning-bizethof-6-raamsdonksveer/,0.30,home-fallback,wordpress,False,mejor candidato sin verificar (score=2.62)
ERA makelaars Oosterhout,Oosterhout,"IJsvogelvlinder 18, OOSTERHOUT",Noord-Brabant,nvm,http://www.eraoosterhout.nl/,http://www.eraoosterhout.nl/makelaar/oosterhout-nb/ijsvogelvlinder/era-makelaars-oosterhout/huizenaanbod,0.30,home-fallback,,False,mejor candidato sin verificar (score=0.72)
Noud Kops Woning-en Bedrijfsmakelaardij en Verzekeringen,Oosterhout,"Mathildastraat 57, OOSTERHOUT",Noord-Brabant,nvm,http://www.noudkopsmakelaardij.nl/,http://www.noudkopsmakelaardij.nl/aanbod/woningaanbod/oosterhout/koop/huis-10166294-Leeuwenstraat-28/,0.94,regla,realworks,False,"prijzen=4, koop=4, huur=0"
Klijsen Makelaars & Adviseurs,Oosterhout,"Europark 5, OOSTERHOUT",Noord-Brabant,nvm,http://www.klijsen.nl/,https://www.klijsen.nl/agrarisch-grond-te-koop-grond-kopen-in-noord-brabant/,0.30,home-fallback,realworks,False,mejor candidato sin verificar (score=1.94)
Bogaers Makelaardij,Oosterhout,"Nieuwstraat 22c, MADE",Noord-Brabant,nvm,http://www.bogaersmakelaardij.nl/,,0.00,none,,False,home no cargó
Ideale Makelaar,Oosterhout,"Zeislaan 38, OOSTERHOUT",Noord-Brabant,nvm,https://www.idealemakelaar.nl/,https://www.idealemakelaar.nl/aanbod/koopwoningen,0.95,regla,,False,"prijzen=15, koop=2, huur=0"
Verbrugge Makelaardij b.v.,Oosterhout,"Gasstraat 42, OOSTERHOUT",Noord-Brabant,nvm,http://www.verbrugge.com/,http://www.verbrugge.com/huizen,0.67,regla,wordpress,False,"prijzen=9, koop=1, huur=0"
"Biemans Made, Makelaardij o.z. en Hypotheken",Oosterhout,"Marktstraat 4A, MADE",Noord-Brabant,nvm,http://www.biemansmade.nl/,http://www.biemansmade.nl/nl/diensten/verkoop,0.76,regla,realworks,False,"prijzen=3, koop=1, huur=0"
Bato Makelaars,Oss,"Kruisstraat 25, OSS",Noord-Brabant,nvm,http://www.batomakelaars.nl/,http://www.batomakelaars.nl/aanbod/woningaanbod/koop/,0.95,regla,realworks,False,"prijzen=136, koop=4, huur=0"
Digimakelaars.nl,Oss,"Kruisstraat 70A, OSS",Noord-Brabant,nvm,http://www.digimakelaars.nl/,https://digimakelaars.nl/funda-verkoop-samen-actief/,0.76,regla,,False,"prijzen=2, koop=1, huur=0"
Van Kaam Makelaardij o.z.,Oss,"Westersingel 53-55, BERGEN OP ZOOM",Noord-Brabant,nvm,http://www.vankaammakelaardij.nl/,http://www.vankaammakelaardij.nl/aanbod/woningaanbod/,0.94,regla,realworks,False,"prijzen=132, koop=4, huur=2"
KOMwonen,Oss,"Cereslaan 8, HEESCH",Noord-Brabant,nvm,https://www.kom-wonen.nl/,https://www.kom-wonen.nl/aanbod/woningaanbod/koop/,0.95,regla,realworks,False,"prijzen=208, koop=4, huur=2"
Jansen & Van Tuijl Makelaars o.g.,Oss,"'t Dorp 4, HEESCH",Noord-Brabant,nvm,http://www.jansen-vantuijl.nl/,http://www.jansen-vantuijl.nl/aanbod/woningaanbod/oss/koop/huis-8457399-Bernhardlaan-43/,0.94,regla,realworks,False,"prijzen=7, koop=4, huur=1"
Becks Makelaardij,Oss,"Overlangelseweg 10, OVERLANGEL",Noord-Brabant,nvm,http://www.becksmakelaardij.nl/,http://www.becksmakelaardij.nl/aanbod/woningaanbod/,0.30,home-fallback,realworks,True,mejor candidato sin verificar (score=3.42)
Heuvel Makelaars,Oss,"Oostwal 241, OSS",Noord-Brabant,nvm,https://heuvelmakelaars.nl/,https://heuvelmakelaars.nl/woningaanbod/koop/oss/verdistraat-148-oss,0.95,regla,realworks,False,"prijzen=5, koop=4, huur=0"
Den Otter Van Vliet,Oss,"Cereslaan 8, HEESCH",Noord-Brabant,nvm,https://www.denottervanvliet.nl/,https://denottervanvliet.nl/aan-en-verkoop/,0.30,home-fallback,wordpress,True,mejor candidato sin verificar (score=1.58)
De Landerije Maas en Waal,Oss,"Heerewaardensestraat 34a, HEEREWAARDEN",Noord-Brabant,nvm,https://www.landerije.nl/maasenwaal,https://www.landerije.nl/diensten/stille-verkoop/,0.30,home-fallback,,True,mejor candidato sin verificar (score=1.58)
Van der Krabben Makelaardij b.v.,Oss,"Kruisstraat 21, OSS",Noord-Brabant,nvm,http://www.krabben.nl/,https://www.krabben.nl/wonen/aanbod,0.67,regla,,False,"prijzen=133, koop=3, huur=0"
Makelaardij & Taxatieburo Th.  v. Casteren,Oss,"Pastoor van Winkelstraat 39B, SCHAIJK",Noord-Brabant,nvm,http://www.vancasteren.nl/,https://www.vancasteren.nl/woningen/te-koop-herpen-kapelakker-2/,0.79,regla,realworks,False,"prijzen=2, koop=3, huur=0"
Ben Straatman Makelaardij,Reusel De Mierden,"Wilhelminalaan 68, REUSEL",Noord-Brabant,nvm,http://www.benstraatman.nl/,https://benstraatman.nl/vrijblijvend-verkoopadvies/,0.30,home-fallback,wordpress,False,mejor candidato sin verificar (score=1.58)
Nathalie van Gisbergen Lommers Makelaars,Reusel De Mierden,"Bakkerstraat 65, REUSEL",Noord-Brabant,nvm,http://www.lommersmakelaars.nl/,,0.00,none,,True,sin candidatos de koop
Lavrijsen Makelaardij,Reusel De Mierden,"Wegekker 11, REUSEL",Noord-Brabant,nvm,,,0.00,none,,False,
Marian Kemink Makelaardij,Reusel De Mierden,"De Welle 8, HOOGE MIERDE",Noord-Brabant,nvm,http://www.mariankemink.nl/,http://www.mariankemink.nl/aanbod/woningaanbod/,0.94,regla,realworks,False,"prijzen=126, koop=4, huur=2"
Noortje van der Maat Makelaardij,Roosendaal,"Brugstraat 118, ROOSENDAAL",Noord-Brabant,nvm,http://www.noortjevandermaat.nl/,http://www.noortjevandermaat.nl/index.html#aankoopbegeleiding,0.30,home-fallback,,False,mejor candidato sin verificar (score=1.06)
Kees Buijsen Makelaars,Roosendaal,"Molenstraat 10, ROOSENDAAL",Noord-Brabant,nvm,https://www.buijsenmakelaars.nl/,https://www.buijsenmakelaars.nl/aanbod/,0.75,regla,wordpress,False,"prijzen=65, koop=2, huur=0"
Lenaers Makelaardij,Roosendaal,"Nispensestraat 9, ROOSENDAAL",Noord-Brabant,nvm,http://www.lenaers.nl/,http://www.lenaers.nl/aanbod/bedrijfsaanbod/roosendaal/koop/bedrijf-874670-Bredaseweg-22/,0.86,regla,realworks,False,"prijzen=6, koop=4, huur=0"
Johan uw makelaar,Roosendaal,"Van Gilselaan 28, ROOSENDAAL",Noord-Brabant,nvm,http://www.johanuwmakelaar.nl/,http://www.johanuwmakelaar.nl/aanbod/woningaanbod/roosendaal/koop/huis-10054302-Boomgaardstraat-1d/,0.94,regla,realworks,False,"prijzen=10, koop=4, huur=1"
In de Roos Makelaardij B.V.,Roosendaal,"Dijkcentrum 65, ROOSENDAAL",Noord-Brabant,nvm,https://www.inderoosmakelaardij.nl/,,0.00,none,,False,home no cargó
Vermunt Makelaardij B.V.,Roosendaal,"Nieuwe Markt 57, ROOSENDAAL",Noord-Brabant,nvm,http://www.vermunt-makelaardij.nl/,,0.00,none,,False,home no cargó
C&R Makelaars B.V.,Roosendaal,"Kade 167, ROOSENDAAL",Noord-Brabant,nvm,https://www.crmakelaars.nl/,https://www.crmakelaars.nl/aanbod/,0.67,regla,realworks,False,"prijzen=65, koop=2, huur=0"
SuijkerBuijk bedrijfs Onroerend Goed,Roosendaal,"Laan van Brabant 62, ROOSENDAAL",Noord-Brabant,nvm,http://www.cs-makelaars.nl/,,0.00,none,,False,sin candidatos de koop
Ludo van der Eijken Makelaardij o.g. B.V.,Roosendaal,"Molenstraat 44, ROOSENDAAL",Noord-Brabant,nvm,http://www.ludovandereijken.nl/,http://www.ludovandereijken.nl/woningen,0.67,regla,realworks,False,"prijzen=82, koop=2, huur=1"
Van Hassel Makelaars o.g.,Rucphen,"Raadhuisstraat 19, RUCPHEN",Noord-Brabant,nvm,http://www.vanhasselmakelaars.nl/,https://www.vanhasselmakelaars.nl/wonen/verkoop/,0.30,home-fallback,realworks,False,mejor candidato sin verificar (score=1.58)
Otter Taxaties & Advies,S Hertogenbosch,"Symon Pelgromstraat 44, 'S-HERTOGENBOSCH",Noord-Brabant,nvm,https://www.ottertaxaties.nl/,,0.00,none,wordpress,True,sin candidatos de koop
NEXT Nieuwbouwmakelaars,S Hertogenbosch,"Vughterstraat 99, 'S-HERTOGENBOSCH",Noord-Brabant,nvm,https://www.nextnieuwbouwmakelaars.nl/,,0.00,none,,False,home no cargó
Atenzijlstra Makelaars,S Hertogenbosch,"Koningsweg 97, 'S-HERTOGENBOSCH",Noord-Brabant,nvm,http://www.atenzijlstra.nl/,,0.00,none,,False,home no cargó
Stoof Taxaties,S Hertogenbosch,"Rooijensestraat 16, HOENZADRIEL",Noord-Brabant,nvm,http://www.stoof.biz/,http://www.stoof.biz/aankoop_verwerving/,0.30,home-fallback,realworks,True,mejor candidato sin verificar (score=1.06)
De Huyzerij,S Hertogenbosch,"Kruisstraat 2, 'S-HERTOGENBOSCH",Noord-Brabant,nvm,http://www.dehuyzerij.nl/,http://www.dehuyzerij.nl/aanbod/woningaanbod/'s-hertogenbosch/koop/huis-10187874-Uilenburg-32/,0.94,regla,realworks,False,"prijzen=5, koop=4, huur=0"
Hendriks Makelaardij 's-Hertogenbosch,S Hertogenbosch,"Orthenseweg 22, 'S-HERTOGENBOSCH",Noord-Brabant,nvm,http://www.hendriks.nl/,https://hendriks.nl/woningaanbod/koop/rijsbergsebaan-13-4836-mc-breda,0.30,home-fallback,yes-co,False,mejor candidato sin verificar (score=3.50)
Abelen Makelaars en Taxateurs b.v.,S Hertogenbosch,"Burg Mazairaclaan 2, ROSMALEN",Noord-Brabant,nvm,http://www.abelen.nl/,,0.00,none,,False,home no cargó
de Koster Makelaars,S Hertogenbosch,"Julianaplein 13, 'S-HERTOGENBOSCH",Noord-Brabant,nvm,http://www.dekostermakelaars.nl/,http://www.dekostermakelaars.nl/aanbod/woningaanbod/'s-hertogenbosch/koop/huis-10236410-Lange-Putstraat-35/,0.94,regla,realworks,False,"prijzen=7, koop=4, huur=1"
vb&t Makelaars Den Bosch,S Hertogenbosch,"Sonniusstraat 1G, 'S-HERTOGENBOSCH",Noord-Brabant,nvm,https://www.vbtmakelaars.nl/,https://www.vbtmakelaars.nl/aanbod-nieuwbouw-koopwoningen,0.88,regla,yes-co,False,"prijzen=14, koop=2, huur=1"
Stoffels Makelaardij B.V.,S Hertogenbosch,"Hintham 152, ROSMALEN",Noord-Brabant,nvm,http://www.stoffelsmakelaardij.nl/,http://www.stoffelsmakelaardij.nl/aanbod/woningaanbod/velddriel/koop/huis-10265314-Sint-Antoniusstraat-19a/,0.94,regla,realworks,False,"prijzen=4, koop=4, huur=0"
Kievit Makelaardij,S Hertogenbosch,"Baronieweg 6E, HEDEL",Noord-Brabant,nvm,http://www.kievitmakelaardij.com/,https://www.kievitmakelaardij.com/stille-verkoop,0.30,home-fallback,,False,mejor candidato sin verificar (score=1.58)
AMB Makelaars,S Hertogenbosch,"Onderwijsboulevard 500, 'S-HERTOGENBOSCH",Noord-Brabant,nvm,http://www.amb-makelaars.nl/,https://www.amb-makelaars.nl/aanbod,0.67,regla,,False,"prijzen=159, koop=1, huur=0"
RSP Taxaties & Vastgoedadvies B.V.,S Hertogenbosch,"Koningsweg 66, 'S-HERTOGENBOSCH",Noord-Brabant,nvm,http://www.rsptaxaties.nl/,,0.00,none,wordpress,True,sin candidatos de koop
Het Waare Huis,S Hertogenbosch,"Burg Nieuwenhuijzenstr 2, ROSMALEN",Noord-Brabant,nvm,http://www.hetwaarehuis.nl/,https://www.hetwaarehuis.nl/nieuwbouw/nieuwbouw-de-beemden-groote-wielen-noord/,0.76,regla,realworks,False,"prijzen=4, koop=2, huur=1"
DUX Real Estate B.V.,S Hertogenbosch,"Rietveldenweg 84, 'S-HERTOGENBOSCH",Noord-Brabant,nvm,https://www.duxrealestate.nl/,https://duxrealestate.nl/aanbod/s-hertogenbosch/graaf-van-solmsweg-99-e-30/,0.86,regla,wordpress,False,"prijzen=7, koop=2, huur=1"
HRS Wonen,S Hertogenbosch,"Brugstraat 33, 'S-HERTOGENBOSCH",Noord-Brabant,nvm,https://www.hrs.nl/,https://hrs.nl/wonen/binnenkort-in-de-verkoop,0.76,regla,,True,"prijzen=82, sin señales huur"
Staete Makelaars 's-Hertogenbosch,S Hertogenbosch,"van Berckelstraat 67-69, 'S-HERTOGENBOSCH",Noord-Brabant,nvm,http://www.staete.nl/,https://www.staete.nl/aanbod/wonen/tOZUao2/laan-ten-habraken-2-5291-aj/,0.78,regla,,False,"prijzen=6, koop=4, huur=0"
Overweel Makelaardij o.z.,S Hertogenbosch,"Orthenseweg 73, 'S-HERTOGENBOSCH",Noord-Brabant,nvm,http://www.overweelmakelaardij.nl/,http://www.overweelmakelaardij.nl/aanbod/woningaanbod/den-dungen/koop/huis-10229750-Poeldonk-32A/,0.94,regla,realworks,False,"prijzen=4, koop=4, huur=0"
GeWOON Makelaars,S Hertogenbosch,"Jan Mosmanslaan 61, 'S-HERTOGENBOSCH",Noord-Brabant,nvm,http://www.gewoonmakelaars.nl/,http://www.gewoonmakelaars.nl/aanbod/woningaanbod/koop,0.95,regla,realworks,False,"prijzen=116, koop=4, huur=0"
Carré De Wit makelaardij,S Hertogenbosch,"Jan Heinsstraat 2D, 'S-HERTOGENBOSCH",Noord-Brabant,nvm,https://www.carredewit.nl/,https://www.carredewit.nl/woningaanbod/,0.75,regla,realworks,False,"prijzen=61, koop=3, huur=1"
Staete Makelaars De Meierij,Sint Michielsgestel,"Nieuwstraat 41-A, SINT-MICHIELSGESTEL",Noord-Brabant,nvm,http://www.staete.nl/,https://www.staete.nl/aanbod/wonen/tOZUao2/laan-ten-habraken-2-5291-aj/,0.78,regla,,False,"prijzen=6, koop=4, huur=0"
Romeynders Makelaardij B.V.,Sint Michielsgestel,"Petrus Dondersplein 12, SINT-MICHIELSGESTEL",Noord-Brabant,nvm,http://www.romeynders.nl/,http://www.romeynders.nl/aanbod/woningaanbod/,0.94,regla,realworks,False,"prijzen=132, koop=4, huur=2"
Berkers Taxaties,Someren,"Voorste Heusden 23, HEUSDEN",Noord-Brabant,nvm,https://www.berkerstaxaties.nl/,,0.00,none,,False,sin candidatos de koop
Tulkens Makelaardij,Someren,"Vlinderveld 7, ASTEN",Noord-Brabant,nvm,http://www.tulkensmakelaardij.nl/,http://www.tulkensmakelaardij.nl/aanbod/woningaanbod/koop/,0.95,regla,realworks,False,"prijzen=202, koop=4, huur=1"
Beter Wonen makelaardij Helma de Corte,Someren,"Wilhelminastraat 51, ASTEN",Noord-Brabant,nvm,http://www.beterwonenmakelaardij.nl/,http://www.beterwonenmakelaardij.nl/aanbod/woningaanbod/asten/koop/huis-10304094-Peelkesakker-38/,0.94,regla,realworks,False,"prijzen=6, koop=5, huur=0"
Van Houts Makelaardij,Someren,"Dijkstraat 43, ASTEN",Noord-Brabant,nvm,http://www.vanhoutsmakelaardij.nl/,http://www.vanhoutsmakelaardij.nl/aanbod/woningaanbod/asten/koop/huis-10288622-Berkelaar-23/,0.86,regla,realworks,False,"prijzen=4, koop=4, huur=0"
Kruijswijk Makelaardij o.g.,Son En Breugel,"Nieuwstraat 39, SON EN BREUGEL",Noord-Brabant,nvm,http://www.kruijswijkmakelaardij.nl/,http://www.kruijswijkmakelaardij.nl/nieuws/een-aankoopmakelaar-helpt-met-de-aankoop-van-uw-droomhuis,0.30,home-fallback,,True,mejor candidato sin verificar (score=1.06)
ViaLinda,Son En Breugel,"Dommelstraat 2, SON EN BREUGEL",Noord-Brabant,nvm,https://www.vialinda.nl/,,0.00,none,,False,sin candidatos de koop
Van Roon Makelaardij & Taxaties B.V.,Son En Breugel,"van Gentlaan 14, SON EN BREUGEL",Noord-Brabant,nvm,http://www.vrmt.nl/,http://www.vrmt.nl/aanbod/woningaanbod/son-en-breugel/koop/huis-10201980-Kanaaldijk-Noord-16/,0.94,regla,realworks,False,"prijzen=9, koop=5, huur=0"
Content+ Pieter Hommel,Steenbergen,"Oudlandsestraat 7, STEENBERGEN",Noord-Brabant,nvm,https://www.contentplus.nl/,https://contentplus.nl/woningaanbod/?status%5B%5D=BESCHIKBAAR,0.75,regla,wordpress,False,"prijzen=32, koop=1, huur=1"
Van den Bosch Makelaars B.V.,Tilburg,"Ketelhavenstraat 93, TILBURG",Noord-Brabant,nvm,https://www.vandenboschmakelaars.com/,https://www.vandenboschmakelaars.com/diensten/verkoopmakelaar/,0.30,home-fallback,realworks,False,mejor candidato sin verificar (score=1.58)
Van Heeswijk Jansen Makelaars,Tilburg,"Willem de Rijkestraat 6, TILBURG",Noord-Brabant,nvm,http://www.hj-makelaars.nl/,,0.00,none,,False,sin candidatos de koop
CVDA Makelaars en Taxateurs,Tilburg,"Bosscheweg 326b, TILBURG",Noord-Brabant,nvm,https://www.cvda.nl/,https://www.cvda.nl/aanbod/woningaanbod/tilburg/koop/huis-10291668-Besterdplein-2505/,0.94,regla,realworks,False,"prijzen=7, koop=4, huur=1"
Kern Makelaars Tilburg B.V.,Tilburg,"Spoorlaan 350, TILBURG",Noord-Brabant,nvm,http://www.kernmakelaars.nl/,https://www.kernmakelaars.nl/aanbod/nu-in-verkoop,0.83,regla,,False,"prijzen=15, koop=2, huur=0"
VMG Regio Tilburg B.V.,Tilburg,"Kijkduinlaan 95, TILBURG",Noord-Brabant,nvm,http://www.vmg-makelaars.nl/,http://www.vmg-makelaars.nl/aanbod,0.67,regla,realworks,False,"prijzen=28, sin señales huur"
Lemmens Makelaardij B.V.,Tilburg,"Ringbaan-Oost 493, TILBURG",Noord-Brabant,nvm,http://www.lemmens.nl/,http://www.lemmens.nl/woningaanbod/koop/tilburg/valentijnstraat/20,0.95,regla,kolibri,False,"prijzen=3, koop=3, huur=0"
Van de Water Makelaars Tilburg,Tilburg,"Bredaseweg 368, TILBURG",Noord-Brabant,nvm,http://www.vandewatergroep.nl/,https://vandewatergroep.nl/nieuwbouw/project/zevenbergen-markant-verkoop-gestart-schrijf-je-nu-in/,0.76,regla,realworks,False,"prijzen=324, sin señales huur"
De Bont Makelaardij B.V.,Tilburg,"Willem de Rijkestraat 6, TILBURG",Noord-Brabant,nvm,http://www.debontmakelaardij.nl/,http://www.debontmakelaardij.nl/MenuID/88734/Woning,0.67,regla,,False,"prijzen=18, koop=2, huur=1"
Tivoli Woningmakelaars B.V.,Tilburg,"Tivolistraat 2, TILBURG",Noord-Brabant,nvm,https://www.tivoliwoningmakelaars.nl/,https://tivoliwoningmakelaars.nl/woningen,0.75,regla,realworks,False,"prijzen=20, koop=2, huur=0"
David de Leeuw Bedrijfsmakelaar,Tilburg,"Ellen Pankhurststraat 1, TILBURG",Noord-Brabant,nvm,http://www.daviddeleeuw.nl/,http://www.daviddeleeuw.nl/aanbod/bedrijfsaanbod/tilburg/koop/bedrijf-848358-Jellinghausstraat-220/,0.86,regla,realworks,False,"prijzen=6, koop=3, huur=0"
Karin Meier Mattern Makelaars,Tilburg,"Kijkduinlaan 97, TILBURG",Noord-Brabant,nvm,http://www.kmm-makelaars.nl/,https://kmm-makelaars.nl/aanbod/,0.67,regla,wordpress,False,"prijzen=63, koop=2, huur=0"
Makelaars- en Assurantiekantoor og bv J.H. Oldenkotte & Zn.,Tilburg,"Heuvel 50, TILBURG",Noord-Brabant,nvm,http://www.oldenkotte.com/,http://www.oldenkotte.com/aanbod/woningaanbod/koop/,0.95,regla,realworks,False,"prijzen=206, koop=5, huur=1"
M&S powered bij HRS,Tilburg,"Saal van Zwanenbergweg 1, TILBURG",Noord-Brabant,nvm,http://www.hrs.nl/,https://hrs.nl/wonen/binnenkort-in-de-verkoop,0.76,regla,,True,"prijzen=82, sin señales huur"
Hendriks Makelaardij Tilburg,Tilburg,"Besterdring 223, TILBURG",Noord-Brabant,nvm,http://www.hendriks.nl/,https://hendriks.nl/woningaanbod/koop/rijsbergsebaan-13-4836-mc-breda,0.30,home-fallback,yes-co,False,mejor candidato sin verificar (score=3.50)
Mathilde Waslander Makelaardij,Tilburg,"Meester Van Roosmalenhof 9, BERKEL-ENSCHOT",Noord-Brabant,nvm,http://www.mwmakelaardij.nl/,https://www.funda.nl/makelaars/tilburg/13157-mathilde-waslander-makelaardij/woningaanbod/koop/heel-nederland/,0.30,home-fallback,wordpress,False,mejor candidato sin verificar (score=3.50)
Hart van Brabant Makelaardij B.V.,Tilburg,"Spoorlaan 432, TILBURG",Noord-Brabant,nvm,http://www.hartvanbrabantmakelaardij.nl/,,0.00,none,,False,sin candidatos de koop
Architectuurmakelaar,Tilburg,"Nieuwlandstraat 48, TILBURG",Noord-Brabant,nvm,http://www.architectuurmakelaar.nl/,http://www.architectuurmakelaar.nl/aanbod,0.67,regla,,False,"prijzen=12, koop=1, huur=0"
KIN Makelaars Tilburg B.V.,Tilburg,"Bredaseweg 21901, TILBURG",Noord-Brabant,nvm,http://www.kinmakelaars.nl/,http://www.kinmakelaars.nl/aanbod/wonen/te-koop,0.87,regla,realworks,False,"prijzen=10, koop=4, huur=3"
Lupker Makelaardij,Tilburg,"Bredaseweg 90, TILBURG",Noord-Brabant,nvm,http://www.lupkermakelaardij.nl/,http://www.lupkermakelaardij.nl/aanbod/woningaanbod/tilburg/koop/huis-10219718-Niers-17/,0.94,regla,realworks,False,"prijzen=4, koop=4, huur=0"
Hans van Berkel Makelaardij,Tilburg,"Besterdplein 38, TILBURG",Noord-Brabant,nvm,http://www.hansvanberkel.nl/,http://www.hansvanberkel.nl/aanbod/woningaanbod/tilburg/koop/huis-10139642-Oude-Hilvarenbeekseweg-702/,0.94,regla,realworks,False,"prijzen=8, koop=4, huur=1"
Buro Kuiten B.V.,Vught,"Van Heeswijkstraat 4A, VUGHT",Noord-Brabant,nvm,,,0.00,none,,False,
Buro t'sas Makelaardij o.g,Vught,"Dorpsstraat 27, VUGHT",Noord-Brabant,nvm,http://www.tsas.nl/,,0.00,none,,False,home no cargó
Den Hollander Vastgoed Wonen B.V.,Vught,"Dorpsstraat 1, VUGHT",Noord-Brabant,nvm,http://www.beterehuizen.nl/,http://www.beterehuizen.nl/woningen/te-koop/,0.88,regla,,False,"prijzen=4, koop=2, huur=1"
MATAX Makelaardij,Vught,"Parklaan 21, 'S-HERTOGENBOSCH",Noord-Brabant,nvm,http://www.matax.nl/,,0.00,none,wordpress,False,sin candidatos de koop
Viermakelaars,Vught,"Kerkstraat 5, VUGHT",Noord-Brabant,nvm,http://www.viermakelaars.nl/,https://www.viermakelaars.nl/woningaanbod/,0.75,regla,realworks,False,"prijzen=64, koop=2, huur=0"
VALKS Makelaars,Vught,"Loonsebaan 89, VUGHT",Noord-Brabant,nvm,https://www.valksbedrijfsmakelaars.nl/,https://www.valksbedrijfsmakelaars.nl/aanbod/,0.30,home-fallback,wordpress,True,mejor candidato sin verificar (score=0.72)
AMB Makelaars,Vught,"St.-Elisabethstraat 48, VUGHT",Noord-Brabant,nvm,http://www.amb-makelaars.nl/,https://www.amb-makelaars.nl/aanbod,0.67,regla,,False,"prijzen=159, koop=1, huur=0"
ATENZIJLSTRA Makelaars,Vught,"Dorpsstraat 33, VUGHT",Noord-Brabant,nvm,http://www.atenzijlstra.nl/,,0.00,none,,False,home no cargó
Vos Makelaars,Waalre,"Willibrorduslaan 50A, WAALRE",Noord-Brabant,nvm,http://www.vosmakelaars.nl/,http://www.vosmakelaars.nl/aanbod/woningaanbod/veldhoven/koop/huis-10300444-Dotterbeek-9/,0.94,regla,realworks,False,"prijzen=4, koop=4, huur=0"
Lever Makelaardij o.g. B.V.,Waalre,"Vincent Cleerdinlaan 12, WAALRE",Noord-Brabant,nvm,http://www.levermakelaardij.nl/,https://www.levermakelaardij.nl/stille-verkoop-eindhoven/,0.30,home-fallback,wordpress,False,mejor candidato sin verificar (score=1.58)
Elias Makelaars,Waalre,"De Kranssen 77, WAALRE",Noord-Brabant,nvm,https://www.eliasmakelaars.nl/,,0.00,none,,False,sin candidatos de koop
Irene van Aken Makelaardij,Waalre,"Markt 14, WAALRE",Noord-Brabant,nvm,http://www.vanakenmakelaardij.nl/,,0.00,none,,False,sin candidatos de koop
Van Engelen de Wilde Makelaars,Waalre,"Den Hof 84a, WAALRE",Noord-Brabant,nvm,https://www.vanengelendewilde.nl/,https://www.vanengelendewilde.nl/woningaanbod-eindhoven/appartement-smelen-3-veldhoven/,0.94,regla,wordpress,False,"prijzen=2, koop=3, huur=1"
Verhagen Makelaars,Waalre,"Willibrorduslaan 27, WAALRE",Noord-Brabant,nvm,http://www.verhagenmakelaars.nl/,http://www.verhagenmakelaars.nl/aanbod/woningaanbod/valkenswaard/koop/huis-10238232-Norbertusdreef-57/,0.94,regla,realworks,False,"prijzen=6, koop=5, huur=0"
Carre de Wit makelaardij,Waalwijk,"Mr. van Coothstraat 1, WAALWIJK",Noord-Brabant,nvm,https://www.carredewit.nl/,https://www.carredewit.nl/woningaanbod/,0.75,regla,realworks,False,"prijzen=61, koop=3, huur=1"
Timmermans Makelaardij,Waalwijk,"Stationsstraat 74, WAALWIJK",Noord-Brabant,nvm,http://www.timmermansmakelaardij.nl/,http://www.timmermansmakelaardij.nl/aanbod/woningaanbod/loon-op-zand/koop/huis-9926496-Sjerpstraat-1/,0.94,regla,realworks,False,"prijzen=5, koop=4, huur=0"
Remco Olden Lommers Makelaars,Waalwijk,"Hertog Janstraat 1e, WAALWIJK",Noord-Brabant,nvm,http://www.olden.nl/,http://www.olden.nl/aanbod/woningaanbod/,0.94,regla,realworks,False,"prijzen=132, koop=4, huur=2"
AMB Makelaars Waalwijk,Waalwijk,"Marijkestraat 9, WAALWIJK",Noord-Brabant,nvm,http://www.amb-makelaars.nl/,https://www.amb-makelaars.nl/aanbod,0.67,regla,,False,"prijzen=159, koop=1, huur=0"
Staete Makelaars Waalwijk,Waalwijk,"Grotestraat 365, WAALWIJK",Noord-Brabant,nvm,http://www.staete.nl/,https://www.staete.nl/aanbod/wonen/tOZUao2/laan-ten-habraken-2-5291-aj/,0.78,regla,,False,"prijzen=6, koop=4, huur=0"
KIN Makelaars Waalwijk B.V.,Waalwijk,"Grotestraat 299, WAALWIJK",Noord-Brabant,nvm,https://www.kinmakelaars.nl/,http://www.kinmakelaars.nl/aanbod/wonen/te-koop,0.87,regla,realworks,False,"prijzen=10, koop=4, huur=3"
Van de Zande Makelaardij Waalwijk B.V.,Waalwijk,"Grotestraat 344, WAALWIJK",Noord-Brabant,nvm,http://www.zande.nl/,http://www.zande.nl/woningaanbod/,0.75,regla,realworks,False,"prijzen=65, koop=3, huur=0"
Tivoli woningmakelaars,Waalwijk,"Loeffstraat 29, WAALWIJK",Noord-Brabant,nvm,https://www.tivoliwoningmakelaars/,,0.00,none,,False,home no cargó
Ilse Vastgoed,Woensdrecht,"O Lv Vrouw ter Duinenln 133, OSSENDRECHT",Noord-Brabant,nvm,http://www.ilsevastgoed.nl/,http://www.ilsevastgoed.nl/aanbod/woningaanbod/ossendrecht/koop/huis-10066866-Looipad-11/,0.94,regla,realworks,False,"prijzen=7, koop=4, huur=0"
Vink Makelaardij,Woensdrecht,"Achillesstraat 3D, BERGEN OP ZOOM",Noord-Brabant,nvm,http://www.vinkmakelaardij.com/,http://www.vinkmakelaardij.com/woningen/beschikbaar,0.67,regla,realworks,False,"prijzen=13, koop=1, huur=0"
Brabant Makelaardij,Woensdrecht,"Guido Gezellelaan 40A, BERGEN OP ZOOM",Noord-Brabant,nvm,http://www.brabantmakelaardij.nl/,https://www.brabantmakelaardij.nl/huis-verkopen-bergen-op-zoom/,0.30,home-fallback,wordpress,False,mejor candidato sin verificar (score=1.58)
DE VIERWINDEN MAKELAARDIJ B.V.,Woensdrecht,"Antwerpsestraat 18, BERGEN OP ZOOM",Noord-Brabant,nvm,http://www.devierwindenmakelaardij.nl/,https://www.devierwindenmakelaardij.nl/property/holleweg-187-bergen-op-zoom-612,0.79,regla,realworks,False,"prijzen=2, koop=3, huur=0"
Grosfeld makelaardij,Woensdrecht,"Van Dedemstraat 196, BERGEN OP ZOOM",Noord-Brabant,nvm,,,0.00,none,,False,
Maes Makelaars,Woensdrecht,"Noordzijde Zoom 7, BERGEN OP ZOOM",Noord-Brabant,nvm,http://www.maesgroep.nl/,https://www.maesmakelaars.nl/woningen/te-koop,0.88,regla,,False,"prijzen=12, koop=2, huur=0"
Viaons Makelaardij B.V.,Woensdrecht,"De Moerkens 19, BERGEN OP ZOOM",Noord-Brabant,nvm,http://www.viaons.nl/,http://www.viaons.nl/aanbod/woningaanbod/,0.94,regla,realworks,False,"prijzen=208, koop=4, huur=2"
Van Hassel Makelaars o.g.,Zundert,"Molenstraat 50, ZUNDERT",Noord-Brabant,nvm,http://www.vanhasselmakelaars.nl/,https://www.vanhasselmakelaars.nl/wonen/verkoop/,0.30,home-fallback,realworks,False,mejor candidato sin verificar (score=1.58)
Content+ Eveline Janssens,Zundert,"Bloemenstee 13, KLEIN ZUNDERT",Noord-Brabant,nvm,https://www.contentplus.nl/,https://contentplus.nl/woningaanbod/?status%5B%5D=BESCHIKBAAR,0.75,regla,wordpress,False,"prijzen=32, koop=1, huur=1"
